Date and time (PDT),Metres
2022-01-01T01:53:00,4.1
2022-01-01T06:53:00,2.4
2022-01-01T12:51:00,5.2
2022-01-01T20:05:00,0.2
2022-01-02T02:42:00,4.3
2022-01-02T07:48:00,2.4
2022-01-02T13:42:00,5.3
2022-01-02T20:54:00,0
2022-01-03T03:28:00,4.5
2022-01-03T08:41:00,2.3
2022-01-03T14:33:00,5.3
2022-01-03T21:41:00,0
2022-01-04T04:14:00,4.5
2022-01-04T09:33:00,2.2
2022-01-04T15:24:00,5.1
2022-01-04T22:26:00,0.1
2022-01-05T04:59:00,4.5
2022-01-05T10:25:00,2.2
2022-01-05T16:15:00,4.9
2022-01-05T23:09:00,0.4
2022-01-06T05:45:00,4.5
2022-01-06T11:19:00,2.2
2022-01-06T17:04:00,4.6
2022-01-06T23:51:00,0.7
2022-01-07T06:31:00,4.5
2022-01-07T12:17:00,2.2
2022-01-07T17:55:00,4.2
2022-01-08T00:32:00,1.2
2022-01-08T07:17:00,4.4
2022-01-08T13:20:00,2.2
2022-01-08T18:50:00,3.8
2022-01-09T01:13:00,1.6
2022-01-09T08:05:00,4.3
2022-01-09T14:29:00,2.2
2022-01-09T19:59:00,3.4
2022-01-10T01:57:00,2.1
2022-01-10T08:54:00,4.3
2022-01-10T15:39:00,2
2022-01-10T21:38:00,3.2
2022-01-11T02:50:00,2.5
2022-01-11T09:44:00,4.3
2022-01-11T16:44:00,1.8
2022-01-11T23:19:00,3.3
2022-01-12T03:57:00,2.7
2022-01-12T10:33:00,4.3
2022-01-12T17:43:00,1.6
2022-01-13T00:31:00,3.4
2022-01-13T05:06:00,2.9
2022-01-13T11:17:00,4.3
2022-01-13T18:34:00,1.4
2022-01-14T01:21:00,3.6
2022-01-14T06:03:00,2.9
2022-01-14T11:57:00,4.4
2022-01-14T19:18:00,1.2
2022-01-15T02:01:00,3.8
2022-01-15T06:50:00,2.9
2022-01-15T12:35:00,4.4
2022-01-15T19:58:00,1
2022-01-16T02:36:00,3.9
2022-01-16T07:30:00,2.8
2022-01-16T13:11:00,4.5
2022-01-16T20:34:00,0.8
2022-01-17T03:08:00,4
2022-01-17T08:08:00,2.7
2022-01-17T13:49:00,4.6
2022-01-17T21:08:00,0.7
2022-01-18T03:41:00,4.1
2022-01-18T08:47:00,2.5
2022-01-18T14:27:00,4.6
2022-01-18T21:41:00,0.7
2022-01-19T04:13:00,4.2
2022-01-19T09:26:00,2.5
2022-01-19T15:07:00,4.6
2022-01-19T22:13:00,0.7
2022-01-20T04:47:00,4.2
2022-01-20T10:08:00,2.4
2022-01-20T15:49:00,4.5
2022-01-20T22:46:00,0.8
2022-01-21T05:22:00,4.2
2022-01-21T10:53:00,2.3
2022-01-21T16:32:00,4.3
2022-01-21T23:18:00,1
2022-01-22T05:57:00,4.3
2022-01-22T11:43:00,2.3
2022-01-22T17:18:00,4.1
2022-01-22T23:51:00,1.3
2022-01-23T06:34:00,4.3
2022-01-23T12:37:00,2.2
2022-01-23T18:09:00,3.9
2022-01-24T00:25:00,1.6
2022-01-24T07:12:00,4.3
2022-01-24T13:38:00,2.1
2022-01-24T19:11:00,3.6
2022-01-25T01:04:00,1.9
2022-01-25T07:53:00,4.4
2022-01-25T14:45:00,1.9
2022-01-25T20:37:00,3.4
2022-01-26T01:53:00,2.3
2022-01-26T08:41:00,4.4
2022-01-26T15:54:00,1.6
2022-01-26T22:21:00,3.3
2022-01-27T03:04:00,2.6
2022-01-27T09:37:00,4.5
2022-01-27T17:03:00,1.3
2022-01-27T23:50:00,3.5
2022-01-28T04:27:00,2.7
2022-01-28T10:38:00,4.6
2022-01-28T18:07:00,0.9
2022-01-29T00:55:00,3.8
2022-01-29T05:44:00,2.7
2022-01-29T11:41:00,4.8
2022-01-29T19:05:00,0.6
2022-01-30T01:46:00,4.1
2022-01-30T06:49:00,2.5
2022-01-30T12:42:00,4.9
2022-01-30T19:56:00,0.3
2022-01-31T02:31:00,4.3
2022-01-31T07:46:00,2.3
2022-01-31T13:40:00,5.1
2022-01-31T20:43:00,0.2
2022-02-01T03:13:00,4.5
2022-02-01T08:37:00,2.1
2022-02-01T14:34:00,5.1
2022-02-01T21:26:00,0.2
2022-02-02T03:54:00,4.6
2022-02-02T09:26:00,1.9
2022-02-02T15:24:00,5
2022-02-02T22:06:00,0.3
2022-02-03T04:33:00,4.7
2022-02-03T10:14:00,1.8
2022-02-03T16:10:00,4.8
2022-02-03T22:43:00,0.6
2022-02-04T05:12:00,4.7
2022-02-04T11:01:00,1.8
2022-02-04T16:54:00,4.5
2022-02-04T23:18:00,1
2022-02-05T05:49:00,4.6
2022-02-05T11:50:00,1.8
2022-02-05T17:37:00,4.2
2022-02-05T23:50:00,1.4
2022-02-06T06:25:00,4.5
2022-02-06T12:41:00,1.9
2022-02-06T18:24:00,3.8
2022-02-07T00:20:00,1.9
2022-02-07T07:00:00,4.3
2022-02-07T13:38:00,1.9
2022-02-07T19:20:00,3.4
2022-02-08T00:48:00,2.3
2022-02-08T07:37:00,4.2
2022-02-08T14:43:00,1.9
2022-02-08T20:47:00,3.2
2022-02-09T01:24:00,2.7
2022-02-09T08:19:00,4.1
2022-02-09T15:56:00,1.9
2022-02-09T23:01:00,3.2
2022-02-10T02:25:00,3
2022-02-10T09:13:00,4
2022-02-10T17:09:00,1.7
2022-02-11T00:25:00,3.4
2022-02-11T04:14:00,3.1
2022-02-11T10:17:00,4
2022-02-11T18:11:00,1.5
2022-02-12T01:11:00,3.6
2022-02-12T05:45:00,3
2022-02-12T11:18:00,4.1
2022-02-12T18:59:00,1.3
2022-02-13T01:46:00,3.7
2022-02-13T06:39:00,2.9
2022-02-13T12:12:00,4.2
2022-02-13T19:39:00,1.1
2022-02-14T02:16:00,3.9
2022-02-14T07:21:00,2.6
2022-02-14T13:00:00,4.3
2022-02-14T20:14:00,0.9
2022-02-15T02:44:00,4
2022-02-15T07:59:00,2.4
2022-02-15T13:45:00,4.5
2022-02-15T20:45:00,0.8
2022-02-16T03:13:00,4.2
2022-02-16T08:38:00,2.2
2022-02-16T14:28:00,4.6
2022-02-16T21:16:00,0.7
2022-02-17T03:43:00,4.3
2022-02-17T09:17:00,2
2022-02-17T15:10:00,4.6
2022-02-17T21:47:00,0.8
2022-02-18T04:14:00,4.4
2022-02-18T09:57:00,1.8
2022-02-18T15:52:00,4.6
2022-02-18T22:18:00,0.9
2022-02-19T04:45:00,4.5
2022-02-19T10:40:00,1.7
2022-02-19T16:35:00,4.4
2022-02-19T22:49:00,1.1
2022-02-20T05:16:00,4.6
2022-02-20T11:25:00,1.6
2022-02-20T17:19:00,4.2
2022-02-20T23:19:00,1.4
2022-02-21T05:48:00,4.6
2022-02-21T12:13:00,1.5
2022-02-21T18:08:00,3.9
2022-02-21T23:51:00,1.8
2022-02-22T06:21:00,4.5
2022-02-22T13:08:00,1.5
2022-02-22T19:09:00,3.6
2022-02-23T00:26:00,2.2
2022-02-23T06:59:00,4.4
2022-02-23T14:11:00,1.5
2022-02-23T20:32:00,3.4
2022-02-24T01:15:00,2.6
2022-02-24T07:49:00,4.3
2022-02-24T15:24:00,1.4
2022-02-24T22:17:00,3.3
2022-02-25T02:41:00,2.8
2022-02-25T08:58:00,4.3
2022-02-25T16:42:00,1.3
2022-02-25T23:46:00,3.6
2022-02-26T04:28:00,2.9
2022-02-26T10:20:00,4.3
2022-02-26T17:54:00,1
2022-02-27T00:46:00,3.8
2022-02-27T05:51:00,2.7
2022-02-27T11:39:00,4.5
2022-02-27T18:54:00,0.7
2022-02-28T01:32:00,4.1
2022-02-28T06:52:00,2.3
2022-02-28T12:47:00,4.6
2022-02-28T19:42:00,0.5
2022-03-01T02:12:00,4.4
2022-03-01T07:43:00,2
2022-03-01T13:44:00,4.8
2022-03-01T20:25:00,0.4
2022-03-02T02:50:00,4.6
2022-03-02T08:30:00,1.7
2022-03-02T14:33:00,4.9
2022-03-02T21:03:00,0.5
2022-03-03T03:26:00,4.7
2022-03-03T09:14:00,1.5
2022-03-03T15:18:00,4.8
2022-03-03T21:39:00,0.7
2022-03-04T04:01:00,4.8
2022-03-04T09:57:00,1.3
2022-03-04T16:00:00,4.7
2022-03-04T22:12:00,1
2022-03-05T04:33:00,4.8
2022-03-05T10:39:00,1.3
2022-03-05T16:41:00,4.4
2022-03-05T22:42:00,1.3
2022-03-06T05:04:00,4.6
2022-03-06T11:21:00,1.4
2022-03-06T17:21:00,4.1
2022-03-06T23:09:00,1.8
2022-03-07T05:31:00,4.5
2022-03-07T12:04:00,1.5
2022-03-07T18:03:00,3.8
2022-03-07T23:33:00,2.2
2022-03-08T05:57:00,4.3
2022-03-08T12:51:00,1.6
2022-03-08T18:53:00,3.5
2022-03-08T23:59:00,2.5
2022-03-09T06:25:00,4.1
2022-03-09T13:45:00,1.7
2022-03-09T20:06:00,3.2
2022-03-10T00:31:00,2.8
2022-03-10T07:03:00,3.9
2022-03-10T14:53:00,1.8
2022-03-10T22:30:00,3.2
2022-03-11T01:29:00,3.1
2022-03-11T07:59:00,3.8
2022-03-11T16:16:00,1.8
2022-03-12T00:02:00,3.3
2022-03-12T03:40:00,3.1
2022-03-12T09:15:00,3.7
2022-03-12T17:33:00,1.6
2022-03-13T00:44:00,3.5
2022-03-13T05:38:00,3
2022-03-13T10:38:00,3.8
2022-03-13T18:27:00,1.4
2022-03-14T01:14:00,3.7
2022-03-14T06:27:00,2.7
2022-03-14T11:52:00,3.9
2022-03-14T19:07:00,1.2
2022-03-15T01:41:00,3.9
2022-03-15T07:07:00,2.4
2022-03-15T12:50:00,4.1
2022-03-15T19:40:00,1.1
2022-03-16T02:08:00,4.1
2022-03-16T07:44:00,2.1
2022-03-16T13:37:00,4.3
2022-03-16T20:12:00,1
2022-03-17T02:36:00,4.3
2022-03-17T08:21:00,1.7
2022-03-17T14:21:00,4.5
2022-03-17T20:43:00,0.9
2022-03-18T03:04:00,4.5
2022-03-18T08:59:00,1.4
2022-03-18T15:04:00,4.5
2022-03-18T21:14:00,1
2022-03-19T03:34:00,4.7
2022-03-19T09:40:00,1.2
2022-03-19T15:47:00,4.5
2022-03-19T21:46:00,1.2
2022-03-20T04:04:00,4.8
2022-03-20T10:22:00,1
2022-03-20T16:30:00,4.4
2022-03-20T22:18:00,1.4
2022-03-21T04:34:00,4.8
2022-03-21T11:05:00,0.9
2022-03-21T17:16:00,4.2
2022-03-21T22:50:00,1.7
2022-03-22T05:05:00,4.7
2022-03-22T11:52:00,0.9
2022-03-22T18:07:00,3.9
2022-03-22T23:25:00,2.1
2022-03-23T05:38:00,4.6
2022-03-23T12:44:00,1
2022-03-23T19:09:00,3.7
2022-03-24T00:07:00,2.5
2022-03-24T06:18:00,4.4
2022-03-24T13:46:00,1.2
2022-03-24T20:32:00,3.5
2022-03-25T01:08:00,2.8
2022-03-25T07:15:00,4.2
2022-03-25T15:00:00,1.3
2022-03-25T22:10:00,3.5
2022-03-26T02:58:00,2.9
2022-03-26T08:39:00,4
2022-03-26T16:23:00,1.2
2022-03-26T23:29:00,3.7
2022-03-27T04:43:00,2.8
2022-03-27T10:19:00,4
2022-03-27T17:35:00,1.1
2022-03-28T00:22:00,4
2022-03-28T05:53:00,2.4
2022-03-28T11:43:00,4.1
2022-03-28T18:32:00,1
2022-03-29T01:05:00,4.2
2022-03-29T06:46:00,2
2022-03-29T12:47:00,4.3
2022-03-29T19:18:00,0.9
2022-03-30T01:43:00,4.5
2022-03-30T07:33:00,1.6
2022-03-30T13:39:00,4.5
2022-03-30T19:58:00,0.9
2022-03-31T02:18:00,4.7
2022-03-31T08:16:00,1.3
2022-03-31T14:26:00,4.5
2022-03-31T20:34:00,1
2022-04-01T02:52:00,4.8
2022-04-01T08:57:00,1.1
2022-04-01T15:08:00,4.5
2022-04-01T21:07:00,1.2
2022-04-02T03:23:00,4.8
2022-04-02T09:36:00,0.9
2022-04-02T15:48:00,4.4
2022-04-02T21:38:00,1.5
2022-04-03T03:51:00,4.7
2022-04-03T10:15:00,0.9
2022-04-03T16:27:00,4.2
2022-04-03T22:06:00,1.8
2022-04-04T04:16:00,4.6
2022-04-04T10:53:00,1
2022-04-04T17:06:00,4
2022-04-04T22:32:00,2.1
2022-04-05T04:39:00,4.4
2022-04-05T11:32:00,1.1
2022-04-05T17:48:00,3.8
2022-04-05T22:57:00,2.4
2022-04-06T05:02:00,4.3
2022-04-06T12:13:00,1.3
2022-04-06T18:36:00,3.6
2022-04-06T23:26:00,2.7
2022-04-07T05:29:00,4.1
2022-04-07T12:59:00,1.5
2022-04-07T19:41:00,3.3
2022-04-08T00:04:00,2.9
2022-04-08T06:07:00,3.9
2022-04-08T13:56:00,1.6
2022-04-08T21:27:00,3.3
2022-04-09T01:10:00,3.1
2022-04-09T07:04:00,3.7
2022-04-09T15:08:00,1.7
2022-04-09T23:05:00,3.4
2022-04-10T03:30:00,3.1
2022-04-10T08:24:00,3.5
2022-04-10T16:27:00,1.7
2022-04-10T23:52:00,3.6
2022-04-11T05:13:00,2.8
2022-04-11T09:56:00,3.5
2022-04-11T17:30:00,1.6
2022-04-12T00:24:00,3.8
2022-04-12T06:01:00,2.5
2022-04-12T11:24:00,3.7
2022-04-12T18:15:00,1.4
2022-04-13T00:52:00,4
2022-04-13T06:41:00,2.1
2022-04-13T12:30:00,3.9
2022-04-13T18:53:00,1.3
2022-04-14T01:21:00,4.2
2022-04-14T07:19:00,1.7
2022-04-14T13:21:00,4.1
2022-04-14T19:29:00,1.3
2022-04-15T01:50:00,4.5
2022-04-15T07:58:00,1.3
2022-04-15T14:08:00,4.3
2022-04-15T20:03:00,1.3
2022-04-16T02:20:00,4.7
2022-04-16T08:38:00,0.9
2022-04-16T14:53:00,4.4
2022-04-16T20:38:00,1.4
2022-04-17T02:50:00,4.9
2022-04-17T09:20:00,0.6
2022-04-17T15:37:00,4.4
2022-04-17T21:13:00,1.6
2022-04-18T03:22:00,5
2022-04-18T10:03:00,0.4
2022-04-18T16:23:00,4.3
2022-04-18T21:50:00,1.8
2022-04-19T03:55:00,5
2022-04-19T10:48:00,0.4
2022-04-19T17:12:00,4.2
2022-04-19T22:28:00,2.1
2022-04-20T04:30:00,4.8
2022-04-20T11:35:00,0.5
2022-04-20T18:06:00,4
2022-04-20T23:12:00,2.4
2022-04-21T05:09:00,4.6
2022-04-21T12:28:00,0.7
2022-04-21T19:09:00,3.8
2022-04-22T00:06:00,2.6
2022-04-22T05:57:00,4.3
2022-04-22T13:29:00,0.9
2022-04-22T20:27:00,3.7
2022-04-23T01:27:00,2.8
2022-04-23T07:04:00,4
2022-04-23T14:40:00,1.1
2022-04-23T21:48:00,3.7
2022-04-24T03:13:00,2.7
2022-04-24T08:38:00,3.8
2022-04-24T15:56:00,1.2
2022-04-24T22:55:00,3.9
2022-04-25T04:38:00,2.5
2022-04-25T10:17:00,3.8
2022-04-25T17:04:00,1.3
2022-04-25T23:47:00,4.1
2022-04-26T05:40:00,2.1
2022-04-26T11:36:00,3.9
2022-04-26T17:59:00,1.3
2022-04-27T00:29:00,4.4
2022-04-27T06:30:00,1.7
2022-04-27T12:38:00,4
2022-04-27T18:45:00,1.4
2022-04-28T01:07:00,4.5
2022-04-28T07:15:00,1.3
2022-04-28T13:30:00,4.1
2022-04-28T19:25:00,1.5
2022-04-29T01:42:00,4.7
2022-04-29T07:57:00,1
2022-04-29T14:15:00,4.2
2022-04-29T20:01:00,1.7
2022-04-30T02:13:00,4.7
2022-04-30T08:37:00,0.8
2022-04-30T14:57:00,4.2
2022-04-30T20:34:00,1.9
2022-05-01T02:42:00,4.7
2022-05-01T09:15:00,0.7
2022-05-01T15:36:00,4.2
2022-05-01T21:05:00,2.1
2022-05-02T03:07:00,4.6
2022-05-02T09:52:00,0.7
2022-05-02T16:15:00,4.1
2022-05-02T21:33:00,2.3
2022-05-03T03:30:00,4.5
2022-05-03T10:29:00,0.8
2022-05-03T16:54:00,4
2022-05-03T22:01:00,2.5
2022-05-04T03:53:00,4.4
2022-05-04T11:06:00,0.9
2022-05-04T17:36:00,3.8
2022-05-04T22:31:00,2.6
2022-05-05T04:19:00,4.2
2022-05-05T11:45:00,1.1
2022-05-05T18:23:00,3.6
2022-05-05T23:07:00,2.8
2022-05-06T04:51:00,4
2022-05-06T12:27:00,1.2
2022-05-06T19:20:00,3.5
2022-05-06T23:54:00,2.9
2022-05-07T05:32:00,3.8
2022-05-07T13:15:00,1.4
2022-05-07T20:29:00,3.5
2022-05-08T01:08:00,3
2022-05-08T06:30:00,3.6
2022-05-08T14:12:00,1.6
2022-05-08T21:40:00,3.5
2022-05-09T03:00:00,2.9
2022-05-09T07:46:00,3.4
2022-05-09T15:15:00,1.6
2022-05-09T22:35:00,3.7
2022-05-10T04:26:00,2.6
2022-05-10T09:15:00,3.4
2022-05-10T16:17:00,1.7
2022-05-10T23:17:00,3.9
2022-05-11T05:21:00,2.3
2022-05-11T10:48:00,3.4
2022-05-11T17:11:00,1.7
2022-05-11T23:52:00,4.1
2022-05-12T06:07:00,1.8
2022-05-12T12:03:00,3.6
2022-05-12T17:57:00,1.7
2022-05-13T00:26:00,4.3
2022-05-13T06:50:00,1.4
2022-05-13T13:01:00,3.9
2022-05-13T18:40:00,1.7
2022-05-14T00:59:00,4.6
2022-05-14T07:33:00,0.9
2022-05-14T13:52:00,4.1
2022-05-14T19:21:00,1.8
2022-05-15T01:32:00,4.8
2022-05-15T08:16:00,0.5
2022-05-15T14:40:00,4.2
2022-05-15T20:02:00,1.9
2022-05-16T02:07:00,5
2022-05-16T09:00:00,0.2
2022-05-16T15:28:00,4.3
2022-05-16T20:44:00,2
2022-05-17T02:45:00,5.1
2022-05-17T09:46:00,0.1
2022-05-17T16:16:00,4.3
2022-05-17T21:28:00,2.1
2022-05-18T03:25:00,5
2022-05-18T10:33:00,0.1
2022-05-18T17:06:00,4.2
2022-05-18T22:16:00,2.3
2022-05-19T04:08:00,4.9
2022-05-19T11:23:00,0.2
2022-05-19T18:01:00,4.1
2022-05-19T23:09:00,2.4
2022-05-20T04:58:00,4.6
2022-05-20T12:15:00,0.5
2022-05-20T19:01:00,4
2022-05-21T00:14:00,2.6
2022-05-21T05:55:00,4.3
2022-05-21T13:12:00,0.8
2022-05-21T20:06:00,3.9
2022-05-22T01:35:00,2.6
2022-05-22T07:05:00,4
2022-05-22T14:14:00,1.1
2022-05-22T21:12:00,4
2022-05-23T03:01:00,2.4
2022-05-23T08:30:00,3.7
2022-05-23T15:19:00,1.3
2022-05-23T22:11:00,4.1
2022-05-24T04:16:00,2.2
2022-05-24T10:00:00,3.6
2022-05-24T16:21:00,1.5
2022-05-24T23:03:00,4.3
2022-05-25T05:17:00,1.8
2022-05-25T11:20:00,3.6
2022-05-25T17:17:00,1.7
2022-05-25T23:47:00,4.4
2022-05-26T06:08:00,1.5
2022-05-26T12:25:00,3.7
2022-05-26T18:06:00,1.9
2022-05-27T00:26:00,4.5
2022-05-27T06:54:00,1.2
2022-05-27T13:19:00,3.8
2022-05-27T18:49:00,2.1
2022-05-28T01:02:00,4.6
2022-05-28T07:37:00,0.9
2022-05-28T14:05:00,3.9
2022-05-28T19:27:00,2.2
2022-05-29T01:33:00,4.6
2022-05-29T08:18:00,0.8
2022-05-29T14:47:00,4
2022-05-29T20:03:00,2.3
2022-05-30T02:01:00,4.6
2022-05-30T08:56:00,0.7
2022-05-30T15:26:00,4
2022-05-30T20:35:00,2.4
2022-05-31T02:27:00,4.5
2022-05-31T09:34:00,0.7
2022-05-31T16:05:00,4
2022-05-31T21:07:00,2.5
2022-06-01T02:52:00,4.4
2022-06-01T10:10:00,0.7
2022-06-01T16:44:00,3.9
2022-06-01T21:40:00,2.6
2022-06-02T03:20:00,4.3
2022-06-02T10:47:00,0.8
2022-06-02T17:24:00,3.8
2022-06-02T22:16:00,2.7
2022-06-03T03:53:00,4.2
2022-06-03T11:23:00,0.9
2022-06-03T18:07:00,3.7
2022-06-03T22:58:00,2.8
2022-06-04T04:31:00,4
2022-06-04T12:01:00,1.1
2022-06-04T18:53:00,3.7
2022-06-04T23:52:00,2.8
2022-06-05T05:16:00,3.8
2022-06-05T12:42:00,1.2
2022-06-05T19:43:00,3.7
2022-06-06T01:01:00,2.8
2022-06-06T06:11:00,3.6
2022-06-06T13:27:00,1.4
2022-06-06T20:34:00,3.7
2022-06-07T02:22:00,2.7
2022-06-07T07:18:00,3.4
2022-06-07T14:17:00,1.6
2022-06-07T21:22:00,3.8
2022-06-08T03:36:00,2.4
2022-06-08T08:40:00,3.3
2022-06-08T15:11:00,1.8
2022-06-08T22:07:00,4
2022-06-09T04:37:00,2
2022-06-09T10:14:00,3.3
2022-06-09T16:06:00,1.9
2022-06-09T22:48:00,4.2
2022-06-10T05:30:00,1.6
2022-06-10T11:38:00,3.4
2022-06-10T17:00:00,2
2022-06-10T23:28:00,4.5
2022-06-11T06:20:00,1.1
2022-06-11T12:44:00,3.6
2022-06-11T17:53:00,2.1
2022-06-12T00:07:00,4.7
2022-06-12T07:08:00,0.7
2022-06-12T13:39:00,3.9
2022-06-12T18:43:00,2.2
2022-06-13T00:49:00,4.9
2022-06-13T07:57:00,0.3
2022-06-13T14:30:00,4.1
2022-06-13T19:34:00,2.2
2022-06-14T01:32:00,5.1
2022-06-14T08:45:00,0.1
2022-06-14T15:19:00,4.2
2022-06-14T20:25:00,2.2
2022-06-15T02:19:00,5.1
2022-06-15T09:34:00,0
2022-06-15T16:08:00,4.2
2022-06-15T21:16:00,2.2
2022-06-16T03:09:00,5.1
2022-06-16T10:22:00,0
2022-06-16T16:57:00,4.3
2022-06-16T22:10:00,2.2
2022-06-17T04:02:00,4.9
2022-06-17T11:10:00,0.1
2022-06-17T17:48:00,4.2
2022-06-17T23:08:00,2.3
2022-06-18T04:56:00,4.6
2022-06-18T11:58:00,0.4
2022-06-18T18:40:00,4.2
2022-06-19T00:11:00,2.3
2022-06-19T05:54:00,4.3
2022-06-19T12:47:00,0.7
2022-06-19T19:33:00,4.2
2022-06-20T01:21:00,2.3
2022-06-20T06:56:00,3.9
2022-06-20T13:38:00,1.1
2022-06-20T20:28:00,4.2
2022-06-21T02:34:00,2.1
2022-06-21T08:08:00,3.6
2022-06-21T14:32:00,1.5
2022-06-21T21:22:00,4.2
2022-06-22T03:44:00,1.9
2022-06-22T09:34:00,3.4
2022-06-22T15:29:00,1.9
2022-06-22T22:13:00,4.3
2022-06-23T04:47:00,1.7
2022-06-23T11:01:00,3.3
2022-06-23T16:28:00,2.2
2022-06-23T23:00:00,4.3
2022-06-24T05:43:00,1.4
2022-06-24T12:14:00,3.4
2022-06-24T17:24:00,2.4
2022-06-24T23:43:00,4.3
2022-06-25T06:34:00,1.2
2022-06-25T13:11:00,3.6
2022-06-25T18:14:00,2.5
2022-06-26T00:21:00,4.4
2022-06-26T07:20:00,1
2022-06-26T13:58:00,3.7
2022-06-26T18:58:00,2.6
2022-06-27T00:55:00,4.4
2022-06-27T08:02:00,0.9
2022-06-27T14:39:00,3.8
2022-06-27T19:38:00,2.6
2022-06-28T01:26:00,4.4
2022-06-28T08:42:00,0.8
2022-06-28T15:17:00,3.8
2022-06-28T20:14:00,2.6
2022-06-29T01:57:00,4.4
2022-06-29T09:19:00,0.7
2022-06-29T15:53:00,3.9
2022-06-29T20:50:00,2.6
2022-06-30T02:29:00,4.4
2022-06-30T09:54:00,0.7
2022-06-30T16:29:00,3.9
2022-06-30T21:28:00,2.6
2022-07-01T03:05:00,4.3
2022-07-01T10:28:00,0.7
2022-07-01T17:05:00,3.9
2022-07-01T22:08:00,2.6
2022-07-02T03:43:00,4.2
2022-07-02T11:01:00,0.8
2022-07-02T17:41:00,3.9
2022-07-02T22:53:00,2.5
2022-07-03T04:25:00,4.1
2022-07-03T11:35:00,1
2022-07-03T18:19:00,3.9
2022-07-03T23:44:00,2.5
2022-07-04T05:10:00,3.9
2022-07-04T12:09:00,1.2
2022-07-04T18:59:00,3.9
2022-07-05T00:42:00,2.5
2022-07-05T06:01:00,3.7
2022-07-05T12:46:00,1.4
2022-07-05T19:39:00,3.9
2022-07-06T01:45:00,2.3
2022-07-06T07:00:00,3.5
2022-07-06T13:25:00,1.6
2022-07-06T20:20:00,4
2022-07-07T02:51:00,2.1
2022-07-07T08:15:00,3.3
2022-07-07T14:12:00,1.9
2022-07-07T21:03:00,4.1
2022-07-08T03:54:00,1.8
2022-07-08T09:50:00,3.2
2022-07-08T15:08:00,2.2
2022-07-08T21:48:00,4.3
2022-07-09T04:55:00,1.4
2022-07-09T11:21:00,3.3
2022-07-09T16:11:00,2.4
2022-07-09T22:36:00,4.5
2022-07-10T05:53:00,1
2022-07-10T12:33:00,3.5
2022-07-10T17:16:00,2.5
2022-07-10T23:26:00,4.7
2022-07-11T06:49:00,0.6
2022-07-11T13:31:00,3.8
2022-07-11T18:20:00,2.5
2022-07-12T00:18:00,4.8
2022-07-12T07:43:00,0.3
2022-07-12T14:22:00,4
2022-07-12T19:20:00,2.4
2022-07-13T01:13:00,5
2022-07-13T08:34:00,0.1
2022-07-13T15:09:00,4.2
2022-07-13T20:17:00,2.2
2022-07-14T02:10:00,5.1
2022-07-14T09:22:00,0
2022-07-14T15:54:00,4.3
2022-07-14T21:11:00,2.1
2022-07-15T03:06:00,5
2022-07-15T10:07:00,0
2022-07-15T16:39:00,4.4
2022-07-15T22:05:00,2
2022-07-16T03:59:00,4.9
2022-07-16T10:51:00,0.2
2022-07-16T17:23:00,4.4
2022-07-16T22:59:00,1.9
2022-07-17T04:52:00,4.6
2022-07-17T11:33:00,0.5
2022-07-17T18:08:00,4.4
2022-07-17T23:55:00,1.9
2022-07-18T05:43:00,4.3
2022-07-18T12:14:00,0.9
2022-07-18T18:52:00,4.4
2022-07-19T00:55:00,1.9
2022-07-19T06:37:00,3.9
2022-07-19T12:55:00,1.4
2022-07-19T19:38:00,4.3
2022-07-20T01:58:00,1.9
2022-07-20T07:40:00,3.5
2022-07-20T13:37:00,1.8
2022-07-20T20:25:00,4.2
2022-07-21T03:06:00,1.8
2022-07-21T09:04:00,3.2
2022-07-21T14:25:00,2.3
2022-07-21T21:14:00,4.2
2022-07-22T04:13:00,1.6
2022-07-22T10:45:00,3.2
2022-07-22T15:28:00,2.6
2022-07-22T22:05:00,4.1
2022-07-23T05:17:00,1.5
2022-07-23T12:09:00,3.3
2022-07-23T16:42:00,2.8
2022-07-23T22:55:00,4.1
2022-07-24T06:15:00,1.3
2022-07-24T13:07:00,3.4
2022-07-24T17:48:00,2.8
2022-07-24T23:42:00,4.2
2022-07-25T07:05:00,1.1
2022-07-25T13:50:00,3.6
2022-07-25T18:40:00,2.8
2022-07-26T00:25:00,4.2
2022-07-26T07:49:00,1
2022-07-26T14:27:00,3.7
2022-07-26T19:24:00,2.7
2022-07-27T01:04:00,4.3
2022-07-27T08:27:00,0.8
2022-07-27T15:00:00,3.8
2022-07-27T20:03:00,2.6
2022-07-28T01:43:00,4.3
2022-07-28T09:01:00,0.7
2022-07-28T15:32:00,3.9
2022-07-28T20:40:00,2.4
2022-07-29T02:21:00,4.3
2022-07-29T09:33:00,0.7
2022-07-29T16:03:00,3.9
2022-07-29T21:19:00,2.3
2022-07-30T03:01:00,4.3
2022-07-30T10:03:00,0.7
2022-07-30T16:35:00,4
2022-07-30T21:59:00,2.2
2022-07-31T03:42:00,4.3
2022-07-31T10:33:00,0.8
2022-07-31T17:07:00,4.1
2022-07-31T22:42:00,2.2
2022-08-01T04:24:00,4.2
2022-08-01T11:04:00,1
2022-08-01T17:39:00,4.1
2022-08-01T23:27:00,2.1
2022-08-02T05:08:00,4
2022-08-02T11:34:00,1.2
2022-08-02T18:12:00,4.1
2022-08-03T00:17:00,2
2022-08-03T05:55:00,3.7
2022-08-03T12:05:00,1.5
2022-08-03T18:46:00,4.2
2022-08-04T01:11:00,1.9
2022-08-04T06:50:00,3.5
2022-08-04T12:38:00,1.8
2022-08-04T19:23:00,4.2
2022-08-05T02:12:00,1.8
2022-08-05T08:03:00,3.3
2022-08-05T13:19:00,2.2
2022-08-05T20:04:00,4.2
2022-08-06T03:18:00,1.6
2022-08-06T09:39:00,3.1
2022-08-06T14:19:00,2.5
2022-08-06T20:56:00,4.3
2022-08-07T04:26:00,1.3
2022-08-07T11:16:00,3.3
2022-08-07T15:41:00,2.7
2022-08-07T21:57:00,4.4
2022-08-08T05:34:00,1
2022-08-08T12:29:00,3.5
2022-08-08T17:05:00,2.7
2022-08-08T23:02:00,4.5
2022-08-09T06:37:00,0.7
2022-08-09T13:23:00,3.8
2022-08-09T18:17:00,2.5
2022-08-10T00:07:00,4.7
2022-08-10T07:32:00,0.4
2022-08-10T14:09:00,4
2022-08-10T19:19:00,2.3
2022-08-11T01:11:00,4.8
2022-08-11T08:20:00,0.2
2022-08-11T14:51:00,4.3
2022-08-11T20:13:00,2
2022-08-12T02:10:00,4.9
2022-08-12T09:04:00,0.1
2022-08-12T15:32:00,4.4
2022-08-12T21:04:00,1.8
2022-08-13T03:04:00,4.9
2022-08-13T09:45:00,0.2
2022-08-13T16:12:00,4.6
2022-08-13T21:53:00,1.6
2022-08-14T03:53:00,4.8
2022-08-14T10:23:00,0.4
2022-08-14T16:50:00,4.6
2022-08-14T22:42:00,1.5
2022-08-15T04:40:00,4.5
2022-08-15T10:59:00,0.8
2022-08-15T17:28:00,4.6
2022-08-15T23:31:00,1.5
2022-08-16T05:27:00,4.2
2022-08-16T11:34:00,1.2
2022-08-16T18:05:00,4.5
2022-08-17T00:23:00,1.5
2022-08-17T06:15:00,3.8
2022-08-17T12:07:00,1.7
2022-08-17T18:42:00,4.3
2022-08-18T01:18:00,1.6
2022-08-18T07:12:00,3.4
2022-08-18T12:39:00,2.2
2022-08-18T19:19:00,4.2
2022-08-19T02:21:00,1.7
2022-08-19T08:34:00,3.2
2022-08-19T13:16:00,2.6
2022-08-19T20:01:00,4
2022-08-20T03:32:00,1.7
2022-08-20T10:35:00,3.1
2022-08-20T14:16:00,2.9
2022-08-20T20:56:00,3.9
2022-08-21T04:47:00,1.6
2022-08-21T12:05:00,3.3
2022-08-21T16:12:00,3
2022-08-21T22:03:00,3.9
2022-08-22T05:54:00,1.4
2022-08-22T12:56:00,3.4
2022-08-22T17:40:00,2.9
2022-08-22T23:09:00,3.9
2022-08-23T06:46:00,1.2
2022-08-23T13:32:00,3.6
2022-08-23T18:33:00,2.7
2022-08-24T00:05:00,4
2022-08-24T07:28:00,1.1
2022-08-24T14:03:00,3.7
2022-08-24T19:13:00,2.5
2022-08-25T00:53:00,4.1
2022-08-25T08:02:00,0.9
2022-08-25T14:32:00,3.9
2022-08-25T19:50:00,2.3
2022-08-26T01:36:00,4.2
2022-08-26T08:33:00,0.9
2022-08-26T14:59:00,4
2022-08-26T20:26:00,2.1
2022-08-27T02:17:00,4.3
2022-08-27T09:02:00,0.8
2022-08-27T15:27:00,4.1
2022-08-27T21:03:00,1.9
2022-08-28T02:58:00,4.4
2022-08-28T09:31:00,0.9
2022-08-28T15:56:00,4.2
2022-08-28T21:42:00,1.8
2022-08-29T03:38:00,4.3
2022-08-29T09:59:00,1
2022-08-29T16:25:00,4.3
2022-08-29T22:23:00,1.6
2022-08-30T04:19:00,4.2
2022-08-30T10:28:00,1.2
2022-08-30T16:54:00,4.4
2022-08-30T23:05:00,1.5
2022-08-31T05:03:00,4
2022-08-31T10:57:00,1.5
2022-08-31T17:24:00,4.4
2022-08-31T23:51:00,1.5
2022-09-01T05:50:00,3.8
2022-09-01T11:27:00,1.8
2022-09-01T17:54:00,4.4
2022-09-02T00:41:00,1.4
2022-09-02T06:45:00,3.5
2022-09-02T11:59:00,2.1
2022-09-02T18:28:00,4.3
2022-09-03T01:40:00,1.4
2022-09-03T07:59:00,3.3
2022-09-03T12:42:00,2.5
2022-09-03T19:13:00,4.2
2022-09-04T02:48:00,1.4
2022-09-04T09:39:00,3.2
2022-09-04T13:57:00,2.8
2022-09-04T20:17:00,4.1
2022-09-05T04:05:00,1.2
2022-09-05T11:14:00,3.4
2022-09-05T15:46:00,2.8
2022-09-05T21:38:00,4.2
2022-09-06T05:20:00,1
2022-09-06T12:18:00,3.6
2022-09-06T17:16:00,2.7
2022-09-06T22:59:00,4.3
2022-09-07T06:23:00,0.8
2022-09-07T13:06:00,3.9
2022-09-07T18:22:00,2.3
2022-09-08T00:13:00,4.5
2022-09-08T07:14:00,0.5
2022-09-08T13:46:00,4.2
2022-09-08T19:16:00,2
2022-09-09T01:15:00,4.7
2022-09-09T07:58:00,0.4
2022-09-09T14:25:00,4.5
2022-09-09T20:05:00,1.6
2022-09-10T02:08:00,4.8
2022-09-10T08:38:00,0.5
2022-09-10T15:01:00,4.7
2022-09-10T20:51:00,1.3
2022-09-11T02:57:00,4.7
2022-09-11T09:15:00,0.6
2022-09-11T15:37:00,4.8
2022-09-11T21:36:00,1.1
2022-09-12T03:42:00,4.6
2022-09-12T09:50:00,0.9
2022-09-12T16:11:00,4.8
2022-09-12T22:20:00,1.1
2022-09-13T04:26:00,4.4
2022-09-13T10:23:00,1.3
2022-09-13T16:43:00,4.7
2022-09-13T23:04:00,1.1
2022-09-14T05:09:00,4.1
2022-09-14T10:53:00,1.7
2022-09-14T17:13:00,4.5
2022-09-14T23:49:00,1.2
2022-09-15T05:55:00,3.8
2022-09-15T11:21:00,2.1
2022-09-15T17:41:00,4.3
2022-09-16T00:37:00,1.4
2022-09-16T06:48:00,3.5
2022-09-16T11:49:00,2.5
2022-09-16T18:11:00,4.1
2022-09-17T01:32:00,1.6
2022-09-17T08:05:00,3.2
2022-09-17T12:24:00,2.8
2022-09-17T18:49:00,3.9
2022-09-18T02:41:00,1.7
2022-09-18T10:16:00,3.2
2022-09-18T13:26:00,3
2022-09-18T19:46:00,3.7
2022-09-19T04:04:00,1.7
2022-09-19T11:41:00,3.4
2022-09-19T16:13:00,3.1
2022-09-19T21:07:00,3.6
2022-09-20T05:19:00,1.6
2022-09-20T12:25:00,3.5
2022-09-20T17:34:00,2.9
2022-09-20T22:37:00,3.7
2022-09-21T06:12:00,1.4
2022-09-21T12:57:00,3.7
2022-09-21T18:18:00,2.6
2022-09-21T23:48:00,3.8
2022-09-22T06:51:00,1.3
2022-09-22T13:24:00,3.9
2022-09-22T18:55:00,2.3
2022-09-23T00:40:00,4
2022-09-23T07:24:00,1.2
2022-09-23T13:50:00,4
2022-09-23T19:30:00,2
2022-09-24T01:24:00,4.1
2022-09-24T07:54:00,1.1
2022-09-24T14:16:00,4.2
2022-09-24T20:05:00,1.7
2022-09-25T02:06:00,4.3
2022-09-25T08:23:00,1.1
2022-09-25T14:43:00,4.4
2022-09-25T20:42:00,1.4
2022-09-26T02:47:00,4.3
2022-09-26T08:52:00,1.2
2022-09-26T15:10:00,4.5
2022-09-26T21:20:00,1.2
2022-09-27T03:28:00,4.3
2022-09-27T09:22:00,1.3
2022-09-27T15:38:00,4.6
2022-09-27T22:00:00,1
2022-09-28T04:11:00,4.3
2022-09-28T09:53:00,1.6
2022-09-28T16:07:00,4.7
2022-09-28T22:42:00,0.9
2022-09-29T04:56:00,4.1
2022-09-29T10:24:00,1.9
2022-09-29T16:35:00,4.6
2022-09-29T23:27:00,0.9
2022-09-30T05:45:00,3.9
2022-09-30T10:57:00,2.2
2022-09-30T17:06:00,4.5
2022-10-01T00:17:00,1
2022-10-01T06:44:00,3.6
2022-10-01T11:37:00,2.5
2022-10-01T17:43:00,4.4
2022-10-02T01:15:00,1.1
2022-10-02T08:00:00,3.5
2022-10-02T12:34:00,2.8
2022-10-02T18:38:00,4.2
2022-10-03T02:25:00,1.2
2022-10-03T09:35:00,3.5
2022-10-03T14:16:00,2.9
2022-10-03T19:59:00,4
2022-10-04T03:46:00,1.2
2022-10-04T10:55:00,3.6
2022-10-04T16:07:00,2.8
2022-10-04T21:38:00,4
2022-10-05T05:00:00,1.1
2022-10-05T11:52:00,3.9
2022-10-05T17:22:00,2.4
2022-10-05T23:06:00,4.1
2022-10-06T05:59:00,1
2022-10-06T12:36:00,4.2
2022-10-06T18:18:00,2
2022-10-07T00:15:00,4.3
2022-10-07T06:47:00,0.9
2022-10-07T13:14:00,4.5
2022-10-07T19:06:00,1.6
2022-10-08T01:12:00,4.4
2022-10-08T07:29:00,0.9
2022-10-08T13:51:00,4.7
2022-10-08T19:50:00,1.2
2022-10-09T02:01:00,4.5
2022-10-09T08:07:00,1.1
2022-10-09T14:25:00,4.8
2022-10-09T20:33:00,0.9
2022-10-10T02:47:00,4.5
2022-10-10T08:42:00,1.3
2022-10-10T14:57:00,4.9
2022-10-10T21:15:00,0.8
2022-10-11T03:30:00,4.4
2022-10-11T09:15:00,1.6
2022-10-11T15:27:00,4.8
2022-10-11T21:55:00,0.8
2022-10-12T04:11:00,4.3
2022-10-12T09:46:00,1.9
2022-10-12T15:55:00,4.7
2022-10-12T22:36:00,0.8
2022-10-13T04:53:00,4.1
2022-10-13T10:15:00,2.2
2022-10-13T16:19:00,4.5
2022-10-13T23:16:00,1
2022-10-14T05:38:00,3.8
2022-10-14T10:43:00,2.5
2022-10-14T16:43:00,4.3
2022-10-14T23:59:00,1.2
2022-10-15T06:29:00,3.6
2022-10-15T11:14:00,2.8
2022-10-15T17:11:00,4.1
2022-10-16T00:47:00,1.4
2022-10-16T07:37:00,3.4
2022-10-16T11:54:00,3
2022-10-16T17:50:00,3.8
2022-10-17T01:45:00,1.6
2022-10-17T09:21:00,3.4
2022-10-17T13:08:00,3.1
2022-10-17T18:50:00,3.6
2022-10-18T02:58:00,1.7
2022-10-18T10:46:00,3.5
2022-10-18T15:55:00,3.1
2022-10-18T20:14:00,3.5
2022-10-19T04:14:00,1.7
2022-10-19T11:32:00,3.6
2022-10-19T17:07:00,2.8
2022-10-19T21:53:00,3.5
2022-10-20T05:13:00,1.7
2022-10-20T12:05:00,3.8
2022-10-20T17:50:00,2.4
2022-10-20T23:19:00,3.6
2022-10-21T05:57:00,1.6
2022-10-21T12:32:00,4
2022-10-21T18:27:00,2.1
2022-10-22T00:18:00,3.8
2022-10-22T06:33:00,1.5
2022-10-22T12:58:00,4.2
2022-10-22T19:03:00,1.7
2022-10-23T01:06:00,4
2022-10-23T07:06:00,1.5
2022-10-23T13:25:00,4.4
2022-10-23T19:39:00,1.3
2022-10-24T01:51:00,4.2
2022-10-24T07:39:00,1.6
2022-10-24T13:53:00,4.6
2022-10-24T20:17:00,1
2022-10-25T02:34:00,4.3
2022-10-25T08:12:00,1.7
2022-10-25T14:22:00,4.8
2022-10-25T20:57:00,0.7
2022-10-26T03:17:00,4.3
2022-10-26T08:46:00,1.8
2022-10-26T14:51:00,4.9
2022-10-26T21:38:00,0.5
2022-10-27T04:02:00,4.3
2022-10-27T09:22:00,2
2022-10-27T15:22:00,4.9
2022-10-27T22:22:00,0.5
2022-10-28T04:49:00,4.2
2022-10-28T09:59:00,2.2
2022-10-28T15:55:00,4.8
2022-10-28T23:08:00,0.5
2022-10-29T05:40:00,4
2022-10-29T10:42:00,2.4
2022-10-29T16:34:00,4.7
2022-10-29T23:59:00,0.7
2022-10-30T06:41:00,3.9
2022-10-30T11:35:00,2.7
2022-10-30T17:21:00,4.4
2022-10-31T00:56:00,0.9
2022-10-31T07:53:00,3.8
2022-10-31T12:51:00,2.8
2022-10-31T18:26:00,4.1
2022-11-01T02:04:00,1.1
2022-11-01T09:11:00,3.8
2022-11-01T14:35:00,2.8
2022-11-01T19:57:00,3.9
2022-11-02T03:18:00,1.3
2022-11-02T10:19:00,4
2022-11-02T16:04:00,2.5
2022-11-02T21:38:00,3.8
2022-11-03T04:27:00,1.3
2022-11-03T11:13:00,4.2
2022-11-03T17:10:00,2.1
2022-11-03T23:02:00,3.9
2022-11-04T05:25:00,1.4
2022-11-04T11:58:00,4.4
2022-11-04T18:03:00,1.7
2022-11-05T00:09:00,4
2022-11-05T06:13:00,1.5
2022-11-05T12:37:00,4.6
2022-11-05T18:49:00,1.3
2022-11-06T01:05:00,4.1
2022-11-06T06:56:00,1.6
2022-11-06T13:13:00,4.8
2022-11-06T19:33:00,0.9
2022-11-07T01:53:00,4.2
2022-11-07T07:34:00,1.8
2022-11-07T13:46:00,4.9
2022-11-07T20:14:00,0.7
2022-11-08T02:37:00,4.3
2022-11-08T08:10:00,2
2022-11-08T14:16:00,4.9
2022-11-08T20:54:00,0.6
2022-11-09T03:19:00,4.3
2022-11-09T08:44:00,2.2
2022-11-09T14:44:00,4.8
2022-11-09T21:33:00,0.6
2022-11-10T03:59:00,4.2
2022-11-10T09:15:00,2.4
2022-11-10T15:08:00,4.7
2022-11-10T22:12:00,0.7
2022-11-11T04:41:00,4.1
2022-11-11T09:45:00,2.6
2022-11-11T15:32:00,4.5
2022-11-11T22:50:00,0.9
2022-11-12T05:24:00,3.9
2022-11-12T10:17:00,2.7
2022-11-12T15:58:00,4.3
2022-11-12T23:29:00,1.1
2022-11-13T06:11:00,3.8
2022-11-13T10:53:00,2.9
2022-11-13T16:30:00,4.1
2022-11-14T00:11:00,1.3
2022-11-14T07:06:00,3.6
2022-11-14T11:42:00,3
2022-11-14T17:12:00,3.9
2022-11-15T00:57:00,1.5
2022-11-15T08:12:00,3.6
2022-11-15T12:59:00,3.1
2022-11-15T18:10:00,3.6
2022-11-16T01:51:00,1.7
2022-11-16T09:19:00,3.6
2022-11-16T14:56:00,3
2022-11-16T19:28:00,3.4
2022-11-17T02:52:00,1.8
2022-11-17T10:13:00,3.8
2022-11-17T16:18:00,2.7
2022-11-17T21:01:00,3.3
2022-11-18T03:52:00,1.9
2022-11-18T10:53:00,4
2022-11-18T17:09:00,2.3
2022-11-18T22:37:00,3.4
2022-11-19T04:46:00,1.9
2022-11-19T11:28:00,4.2
2022-11-19T17:52:00,1.9
2022-11-19T23:51:00,3.6
2022-11-20T05:32:00,2
2022-11-20T11:59:00,4.4
2022-11-20T18:32:00,1.5
2022-11-21T00:47:00,3.8
2022-11-21T06:14:00,2
2022-11-21T12:31:00,4.6
2022-11-21T19:13:00,1
2022-11-22T01:35:00,4
2022-11-22T06:55:00,2.1
2022-11-22T13:03:00,4.9
2022-11-22T19:54:00,0.7
2022-11-23T02:22:00,4.2
2022-11-23T07:35:00,2.1
2022-11-23T13:36:00,5
2022-11-23T20:37:00,0.4
2022-11-24T03:07:00,4.3
2022-11-24T08:17:00,2.2
2022-11-24T14:12:00,5.1
2022-11-24T21:21:00,0.2
2022-11-25T03:53:00,4.3
2022-11-25T09:00:00,2.3
2022-11-25T14:51:00,5.1
2022-11-25T22:07:00,0.2
2022-11-26T04:42:00,4.3
2022-11-26T09:47:00,2.4
2022-11-26T15:34:00,5
2022-11-26T22:54:00,0.3
2022-11-27T05:33:00,4.2
2022-11-27T10:39:00,2.5
2022-11-27T16:23:00,4.8
2022-11-27T23:44:00,0.5
2022-11-28T06:30:00,4.1
2022-11-28T11:41:00,2.6
2022-11-28T17:19:00,4.5
2022-11-29T00:38:00,0.8
2022-11-29T07:31:00,4.1
2022-11-29T12:57:00,2.7
2022-11-29T18:27:00,4.1
2022-11-30T01:36:00,1.1
2022-11-30T08:33:00,4.2
2022-11-30T14:23:00,2.5
2022-11-30T19:49:00,3.8
2022-12-01T02:38:00,1.4
2022-12-01T09:34:00,4.3
2022-12-01T15:42:00,2.3
2022-12-01T21:21:00,3.6
2022-12-02T03:41:00,1.7
2022-12-02T10:27:00,4.4
2022-12-02T16:47:00,1.9
2022-12-02T22:48:00,3.6
2022-12-03T04:41:00,1.9
2022-12-03T11:15:00,4.6
2022-12-03T17:42:00,1.5
2022-12-04T00:00:00,3.7
2022-12-04T05:34:00,2.1
2022-12-04T11:56:00,4.7
2022-12-04T18:31:00,1.2
2022-12-05T00:58:00,3.9
2022-12-05T06:22:00,2.3
2022-12-05T12:34:00,4.8
2022-12-05T19:16:00,0.9
2022-12-06T01:47:00,4
2022-12-06T07:05:00,2.4
2022-12-06T13:09:00,4.8
2022-12-06T19:58:00,0.7
2022-12-07T02:31:00,4.1
2022-12-07T07:44:00,2.5
2022-12-07T13:40:00,4.8
2022-12-07T20:39:00,0.7
2022-12-08T03:12:00,4.2
2022-12-08T08:20:00,2.6
2022-12-08T14:08:00,4.7
2022-12-08T21:17:00,0.7
2022-12-09T03:51:00,4.2
2022-12-09T08:54:00,2.7
2022-12-09T14:35:00,4.6
2022-12-09T21:54:00,0.7
2022-12-10T04:29:00,4.1
2022-12-10T09:27:00,2.7
2022-12-10T15:03:00,4.5
2022-12-10T22:30:00,0.8
2022-12-11T05:09:00,4
2022-12-11T10:03:00,2.8
2022-12-11T15:34:00,4.4
2022-12-11T23:05:00,1
2022-12-12T05:49:00,3.9
2022-12-12T10:44:00,2.8
2022-12-12T16:11:00,4.2
2022-12-12T23:41:00,1.1
2022-12-13T06:32:00,3.9
2022-12-13T11:35:00,2.9
2022-12-13T16:54:00,4
2022-12-14T00:18:00,1.3
2022-12-14T07:17:00,3.9
2022-12-14T12:41:00,2.9
2022-12-14T17:47:00,3.7
2022-12-15T00:58:00,1.6
2022-12-15T08:04:00,3.9
2022-12-15T13:59:00,2.8
2022-12-15T18:52:00,3.5
2022-12-16T01:43:00,1.8
2022-12-16T08:51:00,4
2022-12-16T15:15:00,2.5
2022-12-16T20:13:00,3.3
2022-12-17T02:35:00,2
2022-12-17T09:36:00,4.1
2022-12-17T16:18:00,2.2
2022-12-17T21:52:00,3.3
2022-12-18T03:32:00,2.2
2022-12-18T10:18:00,4.3
2022-12-18T17:11:00,1.8
2022-12-18T23:22:00,3.4
2022-12-19T04:29:00,2.3
2022-12-19T10:58:00,4.5
2022-12-19T18:00:00,1.3
2022-12-20T00:29:00,3.6
2022-12-20T05:25:00,2.4
2022-12-20T11:38:00,4.7
2022-12-20T18:47:00,0.9
2022-12-21T01:23:00,3.9
2022-12-21T06:17:00,2.5
2022-12-21T12:19:00,5
2022-12-21T19:34:00,0.5
2022-12-22T02:12:00,4.1
2022-12-22T07:08:00,2.5
2022-12-22T13:03:00,5.1
2022-12-22T20:22:00,0.2
2022-12-23T02:59:00,4.3
2022-12-23T07:59:00,2.4
2022-12-23T13:49:00,5.2
2022-12-23T21:09:00,0.1
2022-12-24T03:45:00,4.4
2022-12-24T08:50:00,2.4
2022-12-24T14:39:00,5.2
2022-12-24T21:55:00,0
2022-12-25T04:31:00,4.4
2022-12-25T09:43:00,2.3
2022-12-25T15:31:00,5.1
2022-12-25T22:42:00,0.1
2022-12-26T05:19:00,4.5
2022-12-26T10:39:00,2.3
2022-12-26T16:25:00,4.9
2022-12-26T23:27:00,0.4
2022-12-27T06:07:00,4.5
2022-12-27T11:39:00,2.3
2022-12-27T17:21:00,4.6
2022-12-28T00:13:00,0.7
2022-12-28T06:57:00,4.5
2022-12-28T12:44:00,2.3
2022-12-28T18:21:00,4.2
2022-12-29T01:00:00,1.1
2022-12-29T07:49:00,4.5
2022-12-29T13:55:00,2.2
2022-12-29T19:29:00,3.8
2022-12-30T01:50:00,1.6
2022-12-30T08:41:00,4.5
2022-12-30T15:08:00,2
2022-12-30T20:54:00,3.5
2022-12-31T02:45:00,2
2022-12-31T09:35:00,4.5
2022-12-31T16:16:00,1.8
2022-12-31T22:30:00,3.4