video_name,launch,date,time,camera,vis_quality,coho,chinook,chum,pink,sockeye,unk_salmonid,stickleback_sp,sculpin_sp,flatfish_sp,perch_sp,gunnel_sp,salmonid_sp,notes
NA,gp017,5/15/2022,8:10,1,0,0,0,0,0,0,0,0,0,0,0,0,0,
NA,gp017,5/15/2022,8:20,1,0,0,0,0,0,0,0,0,0,0,0,0,0,
NA,gp017,5/15/2022,8:30,1,0,0,0,0,0,0,0,0,0,0,0,0,0,
NA,gp017,5/15/2022,8:40,1,0,0,0,0,0,0,0,0,0,0,0,0,0,
NA,gp017,5/15/2022,8:50,1,0,0,0,0,0,0,0,0,0,0,0,0,0,
NA,gp017,5/15/2022,9:00,1,0,0,0,0,0,0,0,0,0,0,0,0,0,
NA,gp017,5/15/2022,9:10,1,0,0,0,0,0,0,0,0,0,0,0,0,0,
NA,gp017,5/15/2022,9:20,1,0,0,0,0,0,0,0,0,0,0,0,0,0,
NA,gp017,5/15/2022,9:30,1,0,0,0,0,0,0,0,0,0,0,0,0,0,
NA,gp017,5/15/2022,9:40,1,0,0,0,0,0,0,0,0,0,0,0,0,0,
NA,gp017,5/15/2022,9:50,1,0,0,0,0,0,0,0,0,0,0,0,0,0,
NA,gp017,5/15/2022,10:00,1,0,0,0,0,0,0,0,0,0,0,0,0,0,
NA,gp017,5/15/2022,10:10,1,0,0,0,0,0,0,0,0,0,0,0,0,0,
NA,gp017,5/15/2022,10:20,1,0,0,0,0,0,0,0,0,0,0,0,0,0,
GOPR8805,gp017,5/15/2022,10:30,1,0,0,0,0,0,0,0,0,0,0,0,0,0,not yet deployed
GOPR8806,gp017,5/15/2022,10:40,1,0,0,0,0,0,0,0,0,0,0,0,0,0,
GOPR8807,gp017,5/15/2022,10:50,1,0,0,0,0,0,0,0,0,0,0,0,0,0,
GOPR8808,gp017,5/15/2022,11:00,1,0,0,0,0,0,0,0,0,0,0,0,0,0,
GOPR8809,gp017,5/15/2022,11:10,1,0,0,0,0,0,0,0,0,0,0,0,0,0,
GOPR8810,gp017,5/15/2022,11:20,1,0,0,0,0,0,0,0,0,0,0,0,0,0,
GOPR8811,gp017,5/15/2022,11:30,1,0,0,0,0,0,0,0,0,0,0,0,0,0,
GOPR8812,gp017,5/15/2022,11:40,1,0,0,0,0,0,0,0,0,0,0,0,0,0,
GOPR8813,gp017,5/15/2022,11:50,1,0,0,0,0,0,0,0,0,0,0,0,0,0,
GOPR8814,gp017,5/15/2022,12:00,1,0,0,0,0,0,0,0,0,0,0,0,0,0,
GOPR8815,gp017,5/15/2022,12:10,1,2,0,0,0,0,0,0,0,0,0,0,0,0,First submerged
GOPR8816,gp017,5/15/2022,12:20,1,2,0,0,0,0,0,0,0,0,0,0,0,0,
GOPR8817,gp017,5/15/2022,12:30,1,2,0,0,0,0,0,0,0,0,0,0,0,0,
GOPR8818,gp017,5/15/2022,12:40,1,2,4,0,0,0,0,13,0,0,0,0,0,17,
GOPR8819,gp017,5/15/2022,12:50,1,2,0,0,0,0,0,0,0,0,0,0,0,0,
GOPR8820,gp017,5/15/2022,13:00,1,1,0,0,0,0,0,0,0,0,0,0,0,0,
GOPR8821,gp017,5/15/2022,13:10,1,1,0,0,0,0,0,0,0,0,0,0,0,0,
GOPR8822,gp017,5/15/2022,13:20,1,1,0,0,0,0,0,0,0,0,0,0,0,0,
GOPR8823,gp017,5/15/2022,13:30,1,1,0,0,0,0,0,0,0,0,0,0,0,0,
GOPR8824,gp017,5/15/2022,13:40,1,1,0,0,0,0,0,0,0,0,0,0,0,0,
GOPR8825,gp017,5/15/2022,13:50,1,1,0,0,0,0,0,0,0,0,0,0,0,0,
GOPR8826,gp017,5/15/2022,14:00,1,1,0,0,0,0,0,0,0,0,0,0,0,0,
GOPR8827,gp017,5/15/2022,14:10,1,1,0,0,0,0,0,0,0,0,0,0,0,0,
GOPR8828,gp017,5/15/2022,14:20,1,1,0,0,0,0,0,0,0,0,0,0,0,0,
GOPR8829,gp017,5/15/2022,14:30,1,1,0,0,0,0,0,0,0,0,0,0,0,0,
NA,gp018,5/15/2022,8:10,2,0,0,0,0,0,0,0,0,0,0,0,0,0,
NA,gp018,5/15/2022,8:20,2,0,0,0,0,0,0,0,0,0,0,0,0,0,
NA,gp018,5/15/2022,8:30,2,0,0,0,0,0,0,0,0,0,0,0,0,0,
NA,gp018,5/15/2022,8:40,2,0,0,0,0,0,0,0,0,0,0,0,0,0,
NA,gp018,5/15/2022,8:50,2,0,0,0,0,0,0,0,0,0,0,0,0,0,
NA,gp018,5/15/2022,9:00,2,0,0,0,0,0,0,0,0,0,0,0,0,0,
NA,gp018,5/15/2022,9:10,2,0,0,0,0,0,0,0,0,0,0,0,0,0,
NA,gp018,5/15/2022,9:20,2,0,0,0,0,0,0,0,0,0,0,0,0,0,
NA,gp018,5/15/2022,9:30,2,0,0,0,0,0,0,0,0,0,0,0,0,0,
NA,gp018,5/15/2022,9:40,2,0,0,0,0,0,0,0,0,0,0,0,0,0,
NA,gp018,5/15/2022,9:50,2,0,0,0,0,0,0,0,0,0,0,0,0,0,
NA,gp018,5/15/2022,10:00,2,0,0,0,0,0,0,0,0,0,0,0,0,0,
NA,gp018,5/15/2022,10:10,2,0,0,0,0,0,0,0,0,0,0,0,0,0,
NA,gp018,5/15/2022,10:20,2,0,0,0,0,0,0,0,0,0,0,0,0,0,
GOPR8728,gp018,5/15/2022,10:30,2,0,0,0,0,0,0,0,0,0,0,0,0,0,still not deployed
GOPR8729,gp018,5/15/2022,10:40,2,0,0,0,0,0,0,0,0,0,0,0,0,0,
GOPR8730,gp018,5/15/2022,10:50,2,0,0,0,0,0,0,0,0,0,0,0,0,0,
GOPR8731,gp018,5/15/2022,11:00,2,0,0,0,0,0,0,0,0,0,0,0,0,0,dewatered
GOPR8732,gp018,5/15/2022,11:10,2,0,0,0,0,0,0,0,0,0,0,0,0,0,
GOPR8733,gp018,5/15/2022,11:20,2,0,0,0,0,0,0,0,0,0,0,0,0,0,
GOPR8734,gp018,5/15/2022,11:30,2,0,0,0,0,0,0,0,0,0,0,0,0,0,
GOPR8735,gp018,5/15/2022,11:40,2,0,0,0,0,0,0,0,0,0,0,0,0,0,
GOPR8736,gp018,5/15/2022,11:50,2,0,0,0,0,0,0,0,0,0,0,0,0,0,
GOPR8737,gp018,5/15/2022,12:00,2,0,0,0,0,0,0,0,0,0,0,0,0,0,
GOPR8738,gp018,5/15/2022,12:10,2,0,0,0,0,0,0,0,0,0,0,0,0,0,
GOPR8739,gp018,5/15/2022,12:20,2,0,0,0,0,0,0,0,0,0,0,0,0,0,
GOPR8740,gp018,5/15/2022,12:30,2,0,0,0,0,0,0,0,0,0,0,0,0,0,
GOPR8741,gp018,5/15/2022,12:40,2,3,0,0,0,0,0,0,0,0,0,0,0,0,first submerged
GOPR8742,gp018,5/15/2022,12:50,2,3,0,0,0,0,0,0,0,0,0,0,0,0,
GOPR8743,gp018,5/15/2022,13:00,2,3,0,0,0,0,0,0,0,0,0,0,0,0,
GOPR8744,gp018,5/15/2022,13:10,2,2,0,0,0,0,0,0,0,0,0,0,0,0,
GOPR8745,gp018,5/15/2022,13:20,2,2,0,0,0,0,0,0,0,1,0,0,0,0,
GOPR8746,gp018,5/15/2022,13:30,2,2,0,0,0,0,0,0,0,0,0,0,0,0,
GOPR8747,gp018,5/15/2022,13:40,2,2,0,0,0,0,0,0,0,0,0,0,0,0,
GOPR8748,gp018,5/15/2022,13:50,2,2,0,0,0,0,0,0,0,0,0,0,0,0,
GOPR8749,gp018,5/15/2022,14:00,2,2,0,0,0,0,0,0,0,0,0,0,0,0,
GOPR8750,gp018,5/15/2022,14:10,2,2,0,0,0,0,0,0,0,0,0,0,0,0,
GOPR8751,gp018,5/15/2022,14:20,2,2,0,0,0,0,0,0,0,0,0,0,0,0,
GOPR8752,gp018,5/15/2022,14:30,2,1,0,0,0,0,0,0,0,0,0,0,0,0,
NA,gp019,5/15/2022,8:10,3,0,0,0,0,0,0,0,0,0,0,0,0,0,
NA,gp019,5/15/2022,8:20,3,0,0,0,0,0,0,0,0,0,0,0,0,0,
NA,gp019,5/15/2022,8:30,3,0,0,0,0,0,0,0,0,0,0,0,0,0,
NA,gp019,5/15/2022,8:40,3,0,0,0,0,0,0,0,0,0,0,0,0,0,
NA,gp019,5/15/2022,8:50,3,0,0,0,0,0,0,0,0,0,0,0,0,0,
NA,gp019,5/15/2022,9:00,3,0,0,0,0,0,0,0,0,0,0,0,0,0,
NA,gp019,5/15/2022,9:10,3,0,0,0,0,0,0,0,0,0,0,0,0,0,
NA,gp019,5/15/2022,9:20,3,0,0,0,0,0,0,0,0,0,0,0,0,0,
NA,gp019,5/15/2022,9:30,3,0,0,0,0,0,0,0,0,0,0,0,0,0,
NA,gp019,5/15/2022,9:40,3,0,0,0,0,0,0,0,0,0,0,0,0,0,
NA,gp019,5/15/2022,9:50,3,0,0,0,0,0,0,0,0,0,0,0,0,0,
NA,gp019,5/15/2022,10:00,3,0,0,0,0,0,0,0,0,0,0,0,0,0,
NA,gp019,5/15/2022,10:10,3,0,0,0,0,0,0,0,0,0,0,0,0,0,
NA,gp019,5/15/2022,10:20,3,0,0,0,0,0,0,0,0,0,0,0,0,0,
GOPR2376,gp019,5/15/2022,10:30,3,0,0,0,0,0,0,0,0,0,0,0,0,0,not yet deployed
GOPR2377,gp019,5/15/2022,10:40,3,0,0,0,0,0,0,0,0,0,0,0,0,0,
GOPR2378,gp019,5/15/2022,10:50,3,0,0,0,0,0,0,0,0,0,0,0,0,0,
GOPR2379,gp019,5/15/2022,11:00,3,0,0,0,0,0,0,0,0,0,0,0,0,0,
GOPR2380,gp019,5/15/2022,11:10,3,0,0,0,0,0,0,0,0,0,0,0,0,0,still dewatered
GOPR2381,gp019,5/15/2022,11:20,3,0,0,0,0,0,0,0,0,0,0,0,0,0,
GOPR2382,gp019,5/15/2022,11:30,3,0,0,0,0,0,0,0,0,0,0,0,0,0,
GOPR2383,gp019,5/15/2022,11:40,3,0,0,0,0,0,0,0,0,0,0,0,0,0,
GOPR2384,gp019,5/15/2022,11:50,3,0,0,0,0,0,0,0,0,0,0,0,0,0,
GOPR2385,gp019,5/15/2022,12:00,3,0,0,0,0,0,0,0,0,0,0,0,0,0,
GOPR2386,gp019,5/15/2022,12:10,3,0,0,0,0,0,0,0,0,0,0,0,0,0,
GOPR2387,gp019,5/15/2022,12:20,3,0,0,0,0,0,0,0,0,0,0,0,0,0,
GOPR2388,gp019,5/15/2022,12:30,3,0,0,0,0,0,0,0,0,0,0,0,0,0,
GOPR2389,gp019,5/15/2022,12:40,3,0,0,0,0,0,0,0,0,0,0,0,0,0,
GOPR2390,gp019,5/15/2022,12:50,3,3,0,0,0,0,0,0,0,0,0,0,0,0,first submerged
GOPR2391,gp019,5/15/2022,13:00,3,3,0,0,0,0,0,0,1,0,0,0,0,0,
GOPR2392,gp019,5/15/2022,13:10,3,2,0,0,0,0,0,0,0,0,0,0,0,0,
GOPR2393,gp019,5/15/2022,13:20,3,2,0,0,0,0,0,0,1,0,0,0,0,0,
GOPR2394,gp019,5/15/2022,13:30,3,2,0,0,0,0,0,0,0,0,0,0,0,0,
GOPR2395,gp019,5/15/2022,13:40,3,2,0,0,0,0,0,0,0,0,0,0,0,0,
GOPR2396,gp019,5/15/2022,13:50,3,2,0,0,0,0,0,0,0,0,0,0,0,0,
GOPR2397,gp019,5/15/2022,14:00,3,2,0,0,0,0,0,0,0,0,0,0,0,0,
GOPR2398,gp019,5/15/2022,14:10,3,2,0,0,0,0,0,1,1,0,0,0,0,1,
GOPR2399,gp019,5/15/2022,14:20,3,2,0,0,0,0,0,0,0,0,0,0,0,0,
GOPR2400,gp019,5/15/2022,14:30,3,1,0,0,0,0,0,0,0,0,0,0,0,0,
NA,gp020,5/15/2022,8:10,4,0,0,0,0,0,0,0,0,0,0,0,0,0,
NA,gp020,5/15/2022,8:20,4,0,0,0,0,0,0,0,0,0,0,0,0,0,
NA,gp020,5/15/2022,8:30,4,0,0,0,0,0,0,0,0,0,0,0,0,0,
NA,gp020,5/15/2022,8:40,4,0,0,0,0,0,0,0,0,0,0,0,0,0,
NA,gp020,5/15/2022,8:50,4,0,0,0,0,0,0,0,0,0,0,0,0,0,
NA,gp020,5/15/2022,9:00,4,0,0,0,0,0,0,0,0,0,0,0,0,0,
NA,gp020,5/15/2022,9:10,4,0,0,0,0,0,0,0,0,0,0,0,0,0,
NA,gp020,5/15/2022,9:20,4,0,0,0,0,0,0,0,0,0,0,0,0,0,
NA,gp020,5/15/2022,9:30,4,0,0,0,0,0,0,0,0,0,0,0,0,0,
NA,gp020,5/15/2022,9:40,4,0,0,0,0,0,0,0,0,0,0,0,0,0,
NA,gp020,5/15/2022,9:50,4,0,0,0,0,0,0,0,0,0,0,0,0,0,
NA,gp020,5/15/2022,10:00,4,0,0,0,0,0,0,0,0,0,0,0,0,0,
NA,gp020,5/15/2022,10:10,4,0,0,0,0,0,0,0,0,0,0,0,0,0,
NA,gp020,5/15/2022,10:20,4,0,0,0,0,0,0,0,0,0,0,0,0,0,
GOPR0228,gp020,5/15/2022,10:30,4,0,0,0,0,0,0,0,0,0,0,0,0,0,still not deployed
GOPR0229,gp020,5/15/2022,10:40,4,0,0,0,0,0,0,0,0,0,0,0,0,0,
GOPR0230,gp020,5/15/2022,10:50,4,0,0,0,0,0,0,0,0,0,0,0,0,0,
GOPR0231,gp020,5/15/2022,11:00,4,0,0,0,0,0,0,0,0,0,0,0,0,0,
GOPR0232,gp020,5/15/2022,11:10,4,0,0,0,0,0,0,0,0,0,0,0,0,0,
GOPR0233,gp020,5/15/2022,11:20,4,0,0,0,0,0,0,0,0,0,0,0,0,0,
GOPR0234,gp020,5/15/2022,11:30,4,0,0,0,0,0,0,0,0,0,0,0,0,0,
GOPR0235,gp020,5/15/2022,11:40,4,0,0,0,0,0,0,0,0,0,0,0,0,0,
GOPR0236,gp020,5/15/2022,11:50,4,0,0,0,0,0,0,0,0,0,0,0,0,0,
GOPR0237,gp020,5/15/2022,12:00,4,0,0,0,0,0,0,0,0,0,0,0,0,0,still dewatered
GOPR0238,gp020,5/15/2022,12:10,4,0,0,0,0,0,0,0,0,0,0,0,0,0,
GOPR0239,gp020,5/15/2022,12:20,4,0,0,0,0,0,0,0,0,0,0,0,0,0,
GOPR0240,gp020,5/15/2022,12:30,4,0,0,0,0,0,0,0,0,0,0,0,0,0,
GOPR0241,gp020,5/15/2022,12:40,4,2,2,0,0,0,0,2,2,0,0,0,0,4,first submerged
GOPR0242,gp020,5/15/2022,12:50,4,2,0,0,0,0,0,1,2,2,0,0,,1,
GOPR0243,gp020,5/15/2022,13:00,4,1,0,0,0,0,0,1,1,0,0,0,0,1,
GOPR0244,gp020,5/15/2022,13:10,4,1,0,0,0,0,0,0,1,0,0,0,0,0,
GOPR0245,gp020,5/15/2022,13:20,4,1,0,0,0,0,0,0,2,0,0,0,0,0,
GOPR0246,gp020,5/15/2022,13:30,4,2,0,0,0,0,0,0,0,0,0,0,0,0,
GOPR0247,gp020,5/15/2022,13:40,4,2,0,0,0,0,0,0,0,0,0,0,0,0,
GOPR0248,gp020,5/15/2022,13:50,4,2,0,0,0,0,0,0,1,0,0,0,0,0,
GOPR0249,gp020,5/15/2022,14:00,4,2,0,0,0,0,0,0,1,0,0,0,0,0,
GOPR0250,gp020,5/15/2022,14:10,4,2,0,0,0,0,0,0,0,0,0,0,0,0,
GOPR0251,gp020,5/15/2022,14:20,4,2,0,0,0,0,0,0,0,0,0,0,0,0,
GOPR0252,gp020,5/15/2022,14:30,4,2,0,0,0,0,0,0,0,0,0,0,0,0,
NA,gp021,5/15/2022,8:10,0,0,0,0,0,0,0,0,0,0,0,0,0,0,
NA,gp021,5/15/2022,8:20,0,0,0,0,0,0,0,0,0,0,0,0,0,0,
NA,gp021,5/15/2022,8:30,0,0,0,0,0,0,0,0,0,0,0,0,0,0,
NA,gp021,5/15/2022,8:40,0,0,0,0,0,0,0,0,0,0,0,0,0,0,
NA,gp021,5/15/2022,8:50,0,0,0,0,0,0,0,0,0,0,0,0,0,0,
NA,gp021,5/15/2022,9:00,0,0,0,0,0,0,0,0,0,0,0,0,0,0,
NA,gp021,5/15/2022,9:10,0,0,0,0,0,0,0,0,0,0,0,0,0,0,
NA,gp021,5/15/2022,9:20,0,0,0,0,0,0,0,0,0,0,0,0,0,0,
NA,gp021,5/15/2022,9:30,0,0,0,0,0,0,0,0,0,0,0,0,0,0,
NA,gp021,5/15/2022,9:40,0,0,0,0,0,0,0,0,0,0,0,0,0,0,
NA,gp021,5/15/2022,9:50,0,0,0,0,0,0,0,0,0,0,0,0,0,0,
NA,gp021,5/15/2022,10:00,0,0,0,0,0,0,0,0,0,0,0,0,0,0,
NA,gp021,5/15/2022,10:10,0,0,0,0,0,0,0,0,0,0,0,0,0,0,
NA,gp021,5/15/2022,10:20,0,0,0,0,0,0,0,0,0,0,0,0,0,0,
GOPR0177,gp021,5/15/2022,10:30,0,0,0,0,0,0,0,0,0,0,0,0,0,0,not yet deployed
GOPR0178,gp021,5/15/2022,10:40,0,0,0,0,0,0,0,0,0,0,0,0,0,0,
GOPR0179,gp021,5/15/2022,10:50,0,0,0,0,0,0,0,0,0,0,0,0,0,0,
GOPR0180,gp021,5/15/2022,11:00,0,0,0,0,0,0,0,0,0,0,0,0,0,0,
GOPR0181,gp021,5/15/2022,11:10,0,0,0,0,0,0,0,0,0,0,0,0,0,0,
GOPR0182,gp021,5/15/2022,11:20,0,0,0,0,0,0,0,0,0,0,0,0,0,0,
GOPR0183,gp021,5/15/2022,11:30,0,0,0,0,0,0,0,0,0,0,0,0,0,0,
GOPR0184,gp021,5/15/2022,11:40,0,0,0,0,0,0,0,0,0,0,0,0,0,0,
GOPR0185,gp021,5/15/2022,11:50,0,0,0,0,0,0,0,0,0,0,0,0,0,0,still dewetted
GOPR0186,gp021,5/15/2022,12:00,0,0,0,0,0,0,0,0,0,0,0,0,0,0,
GOPR0187,gp021,5/15/2022,12:10,0,0,0,0,0,0,0,0,0,0,0,0,0,0,
GOPR0188,gp021,5/15/2022,12:20,0,0,0,0,0,0,0,0,0,0,0,0,0,0,
GOPR0189,gp021,5/15/2022,12:30,5,2,0,0,0,0,0,2,0,0,0,0,0,2,firdt submerged
GOPR0190,gp021,5/15/2022,12:40,5,2,2,0,0,0,0,6,0,0,0,0,0,8,
GOPR0191,gp021,5/15/2022,12:50,5,2,0,0,0,0,0,0,0,0,0,0,0,0,
GOPR0192,gp021,5/15/2022,13:00,5,2,0,0,0,0,0,0,0,0,0,0,0,0,
GOPR0193,gp021,5/15/2022,13:10,5,2,0,0,0,0,0,0,0,0,0,0,0,0,
GOPR0194,gp021,5/15/2022,13:20,5,2,1,0,0,0,0,0,0,0,0,0,0,1,
GOPR0195,gp021,5/15/2022,13:30,5,2,0,0,0,0,0,0,0,0,0,0,0,0,
GOPR0196,gp021,5/15/2022,13:40,5,2,0,0,0,0,0,0,0,0,0,0,0,0,
GOPR0197,gp021,5/15/2022,13:50,5,2,0,0,0,0,0,0,0,0,0,0,0,0,
GOPR0198,gp021,5/15/2022,14:00,5,2,0,0,0,0,0,0,0,0,0,0,0,0,
GOPR0199,gp021,5/15/2022,14:10,5,2,0,0,0,0,0,0,0,0,0,0,0,0,
GOPR0200,gp021,5/15/2022,14:20,5,2,0,0,0,0,0,0,0,0,0,0,0,0,
GOPR0201,gp021,5/15/2022,14:30,5,2,0,0,0,0,0,0,0,0,0,0,0,0,
NA,gp022,5/17/2022,10:00,1,0,0,0,0,0,0,0,0,0,0,0,0,0,
NA,gp022,5/17/2022,10:10,1,0,0,0,0,0,0,0,0,0,0,0,0,0,
NA,gp022,5/17/2022,10:20,1,0,0,0,0,0,0,0,0,0,0,0,0,0,
NA,gp022,5/17/2022,10:30,1,0,0,0,0,0,0,0,0,0,0,0,0,0,
NA,gp022,5/17/2022,10:40,1,0,0,0,0,0,0,0,0,0,0,0,0,0,
NA,gp022,5/17/2022,10:50,1,0,0,0,0,0,0,0,0,0,0,0,0,0,
NA,gp022,5/17/2022,11:00,1,0,0,0,0,0,0,0,0,0,0,0,0,0,
NA,gp022,5/17/2022,11:10,1,0,0,0,0,0,0,0,0,0,0,0,0,0,
NA,gp022,5/17/2022,11:20,1,0,0,0,0,0,0,0,0,0,0,0,0,0,
NA,gp022,5/17/2022,11:30,1,0,0,0,0,0,0,0,0,0,0,0,0,0,
NA,gp022,5/17/2022,11:40,1,0,0,0,0,0,0,0,0,0,0,0,0,0,
NA,gp022,5/17/2022,11:50,1,0,0,0,0,0,0,0,0,0,0,0,0,0,
GOPR8830,gp022,5/17/2022,12:00,1,0,0,0,0,0,0,0,0,0,0,0,0,0,still dewetted
GOPR8831,gp022,5/17/2022,12:10,1,0,0,0,0,0,0,0,0,0,0,0,0,0,
GOPR8832,gp022,5/17/2022,12:20,1,0,0,0,0,0,0,0,0,0,0,0,0,0,
GOPR8833,gp022,5/17/2022,12:30,1,0,0,0,0,0,0,0,0,0,0,0,0,0,
GOPR8834,gp022,5/17/2022,12:40,1,0,0,0,0,0,0,0,0,0,0,0,0,0,
GOPR8835,gp022,5/17/2022,12:50,1,0,0,0,0,0,0,0,0,0,0,0,0,0,
GOPR8836,gp022,5/17/2022,13:00,1,0,0,0,0,0,0,0,0,0,0,0,0,0,
GOPR8837,gp022,5/17/2022,13:10,1,0,0,0,0,0,0,0,0,0,0,0,0,0,
GOPR8838,gp022,5/17/2022,13:20,1,0,0,0,0,0,0,0,0,0,0,0,0,0,
GOPR8839,gp022,5/17/2022,13:30,1,0,0,0,0,0,0,0,0,0,0,0,0,0,
GOPR8840,gp022,5/17/2022,13:40,1,0,0,0,0,0,0,0,0,0,0,0,0,0,
GOPR8841,gp022,5/17/2022,13:50,1,0,0,0,0,0,0,0,0,0,0,0,0,0,
GOPR8842,gp022,5/17/2022,14:00,1,0,0,0,0,0,0,0,0,0,0,0,0,0,
GOPR8843,gp022,5/17/2022,14:10,1,0,0,0,0,0,0,0,0,0,0,0,0,0,
GOPR8844,gp022,5/17/2022,14:20,1,3,0,0,0,0,0,0,0,0,0,0,0,0,"first submerged, view blocked by fucus sp. "
GOPR8845,gp022,5/17/2022,14:30,1,3,0,0,0,0,0,0,0,0,0,0,0,0,
GOPR8846,gp022,5/17/2022,14:40,1,3,0,0,0,0,0,0,0,0,0,0,0,0,
GOPR8847,gp022,5/17/2022,14:50,1,2,0,0,0,0,0,0,0,0,0,0,0,0,
GOPR8848,gp022,5/17/2022,15:00,1,2,0,0,0,0,0,0,0,0,0,0,0,0,
GOPR8849,gp022,5/17/2022,15:10,1,2,0,0,0,0,0,0,0,0,0,0,0,0,
GOPR8850,gp022,5/17/2022,15:20,1,2,0,0,0,0,0,0,0,0,0,0,0,0,
GOPR8851,gp022,5/17/2022,15:30,1,2,0,0,0,0,0,0,0,0,0,0,0,0,
GOPR8852,gp022,5/17/2022,15:40,1,2,0,0,0,0,0,0,0,0,0,0,0,0,
GOPR8853,gp022,5/17/2022,15:50,1,2,0,0,0,0,0,0,0,0,0,0,0,0,
GOPR8854,gp022,5/17/2022,16:00,1,2,0,0,0,0,0,0,0,0,0,0,0,0,
NA,gp023,5/17/2022,10:00,2,0,0,0,0,0,0,0,0,0,0,0,0,0,
NA,gp023,5/17/2022,10:10,2,0,0,0,0,0,0,0,0,0,0,0,0,0,
NA,gp023,5/17/2022,10:20,2,0,0,0,0,0,0,0,0,0,0,0,0,0,
NA,gp023,5/17/2022,10:30,2,0,0,0,0,0,0,0,0,0,0,0,0,0,
NA,gp023,5/17/2022,10:40,2,0,0,0,0,0,0,0,0,0,0,0,0,0,
NA,gp023,5/17/2022,10:50,2,0,0,0,0,0,0,0,0,0,0,0,0,0,
NA,gp023,5/17/2022,11:00,2,0,0,0,0,0,0,0,0,0,0,0,0,0,
NA,gp023,5/17/2022,11:10,2,0,0,0,0,0,0,0,0,0,0,0,0,0,
NA,gp023,5/17/2022,11:20,2,0,0,0,0,0,0,0,0,0,0,0,0,0,
NA,gp023,5/17/2022,11:30,2,0,0,0,0,0,0,0,0,0,0,0,0,0,
NA,gp023,5/17/2022,11:40,2,0,0,0,0,0,0,0,0,0,0,0,0,0,
NA,gp023,5/17/2022,11:50,2,0,0,0,0,0,0,0,0,0,0,0,0,0,
GOPR8753,gp023,5/17/2022,12:00,2,0,0,0,0,0,0,0,0,0,0,0,0,0,"deployed, still dewetted"
GOPR8754,gp023,5/17/2022,12:10,2,0,0,0,0,0,0,0,0,0,0,0,0,0,
GOPR8755,gp023,5/17/2022,12:20,2,0,0,0,0,0,0,0,0,0,0,0,0,0,
GOPR8756,gp023,5/17/2022,12:30,2,0,0,0,0,0,0,0,0,0,0,0,0,0,
GOPR8757,gp023,5/17/2022,12:40,2,0,0,0,0,0,0,0,0,0,0,0,0,0,
GOPR8758,gp023,5/17/2022,12:50,2,0,0,0,0,0,0,0,0,0,0,0,0,0,
GOPR8759,gp023,5/17/2022,13:00,2,0,0,0,0,0,0,0,0,0,0,0,0,0,
GOPR8760,gp023,5/17/2022,13:10,2,0,0,0,0,0,0,0,0,0,0,0,0,0,
GOPR8761,gp023,5/17/2022,13:20,2,0,0,0,0,0,0,0,0,0,0,0,0,0,
GOPR8762,gp023,5/17/2022,13:30,2,0,0,0,0,0,0,0,0,0,0,0,0,0,
GOPR8763,gp023,5/17/2022,13:40,2,0,0,0,0,0,0,0,0,0,0,0,0,0,
GOPR8764,gp023,5/17/2022,13:50,2,0,0,0,0,0,0,0,0,0,0,0,0,0,
GOPR8765,gp023,5/17/2022,14:00,2,0,0,0,0,0,0,0,0,0,0,0,0,0,
GOPR8766,gp023,5/17/2022,14:10,2,0,0,0,0,0,0,0,0,0,0,0,0,0,
GOPR8767,gp023,5/17/2022,14:20,2,0,0,0,0,0,0,0,0,0,0,0,0,0,
GOPR8768,gp023,5/17/2022,14:30,2,0,0,0,0,0,0,0,0,0,0,0,0,0,
GOPR8769,gp023,5/17/2022,14:40,2,3,0,0,0,0,0,0,0,0,0,0,0,0,first submerged
GOPR8770,gp023,5/17/2022,14:50,2,3,0,0,0,0,0,0,0,0,0,0,0,0,
GOPR8771,gp023,5/17/2022,15:00,2,3,0,0,0,0,0,0,0,0,0,0,0,0,
GOPR8772,gp023,5/17/2022,15:10,2,3,0,0,0,0,0,0,0,0,0,0,0,0,
GOPR8773,gp023,5/17/2022,15:20,2,2,0,0,0,0,0,0,0,0,0,0,0,0,
GOPR8774,gp023,5/17/2022,15:30,2,2,0,0,0,0,0,0,0,0,0,0,0,0,
GOPR8775,gp023,5/17/2022,15:40,2,2,0,0,0,0,0,0,0,0,0,0,0,0,
GOPR8776,gp023,5/17/2022,15:50,2,2,0,0,0,0,0,0,0,0,0,0,0,0,
GOPR8777,gp023,5/17/2022,16:00,2,2,0,0,0,0,0,0,0,0,0,0,0,0,
NA,gp024,5/17/2022,10:00,3,NA,NA,NA,NA,NA,NA,NA,NA,NA,NA,NA,NA,NA,
NA,gp024,5/17/2022,10:10,3,NA,NA,NA,NA,NA,NA,NA,NA,NA,NA,NA,NA,NA,
NA,gp024,5/17/2022,10:20,3,NA,NA,NA,NA,NA,NA,NA,NA,NA,NA,NA,NA,NA,
NA,gp024,5/17/2022,10:30,3,NA,NA,NA,NA,NA,NA,NA,NA,NA,NA,NA,NA,NA,
NA,gp024,5/17/2022,10:40,3,NA,NA,NA,NA,NA,NA,NA,NA,NA,NA,NA,NA,NA,
NA,gp024,5/17/2022,10:50,3,NA,NA,NA,NA,NA,NA,NA,NA,NA,NA,NA,NA,NA,
NA,gp024,5/17/2022,11:00,3,NA,NA,NA,NA,NA,NA,NA,NA,NA,NA,NA,NA,NA,
NA,gp024,5/17/2022,11:10,3,NA,NA,NA,NA,NA,NA,NA,NA,NA,NA,NA,NA,NA,
NA,gp024,5/17/2022,11:20,3,NA,NA,NA,NA,NA,NA,NA,NA,NA,NA,NA,NA,NA,
NA,gp024,5/17/2022,11:30,3,NA,NA,NA,NA,NA,NA,NA,NA,NA,NA,NA,NA,NA,
NA,gp024,5/17/2022,11:40,3,NA,NA,NA,NA,NA,NA,NA,NA,NA,NA,NA,NA,NA,
NA,gp024,5/17/2022,11:50,3,NA,NA,NA,NA,NA,NA,NA,NA,NA,NA,NA,NA,NA,
NA,gp024,5/17/2022,12:00,3,NA,NA,NA,NA,NA,NA,NA,NA,NA,NA,NA,NA,NA,
NA,gp024,5/17/2022,12:10,3,NA,NA,NA,NA,NA,NA,NA,NA,NA,NA,NA,NA,NA,
NA,gp024,5/17/2022,12:20,3,NA,NA,NA,NA,NA,NA,NA,NA,NA,NA,NA,NA,NA,
NA,gp024,5/17/2022,12:30,3,NA,NA,NA,NA,NA,NA,NA,NA,NA,NA,NA,NA,NA,
NA,gp024,5/17/2022,12:40,3,NA,NA,NA,NA,NA,NA,NA,NA,NA,NA,NA,NA,NA,Camera Failed ot Launch
NA,gp024,5/17/2022,12:50,3,NA,NA,NA,NA,NA,NA,NA,NA,NA,NA,NA,NA,NA,Camera Failed ot Launch
NA,gp024,5/17/2022,13:00,3,NA,NA,NA,NA,NA,NA,NA,NA,NA,NA,NA,NA,NA,Camera Failed ot Launch
NA,gp024,5/17/2022,13:10,3,NA,NA,NA,NA,NA,NA,NA,NA,NA,NA,NA,NA,NA,Camera Failed ot Launch
NA,gp024,5/17/2022,13:20,3,NA,NA,NA,NA,NA,NA,NA,NA,NA,NA,NA,NA,NA,Camera Failed ot Launch
NA,gp024,5/17/2022,13:30,3,NA,NA,NA,NA,NA,NA,NA,NA,NA,NA,NA,NA,NA,Camera Failed ot Launch
NA,gp024,5/17/2022,13:40,3,NA,NA,NA,NA,NA,NA,NA,NA,NA,NA,NA,NA,NA,Camera Failed ot Launch
NA,gp024,5/17/2022,13:50,3,NA,NA,NA,NA,NA,NA,NA,NA,NA,NA,NA,NA,NA,Camera Failed ot Launch
NA,gp024,5/17/2022,14:00,3,NA,NA,NA,NA,NA,NA,NA,NA,NA,NA,NA,NA,NA,Camera Failed ot Launch
NA,gp024,5/17/2022,14:10,3,NA,NA,NA,NA,NA,NA,NA,NA,NA,NA,NA,NA,NA,Camera Failed ot Launch
NA,gp024,5/17/2022,14:20,3,NA,NA,NA,NA,NA,NA,NA,NA,NA,NA,NA,NA,NA,Camera Failed ot Launch
NA,gp024,5/17/2022,14:30,3,NA,NA,NA,NA,NA,NA,NA,NA,NA,NA,NA,NA,NA,Camera Failed ot Launch
NA,gp024,5/17/2022,14:40,3,NA,NA,NA,NA,NA,NA,NA,NA,NA,NA,NA,NA,NA,Camera Failed ot Launch
NA,gp024,5/17/2022,14:50,3,NA,NA,NA,NA,NA,NA,NA,NA,NA,NA,NA,NA,NA,Camera Failed ot Launch
NA,gp024,5/17/2022,15:00,3,NA,NA,NA,NA,NA,NA,NA,NA,NA,NA,NA,NA,NA,Camera Failed ot Launch
NA,gp024,5/17/2022,15:10,3,NA,NA,NA,NA,NA,NA,NA,NA,NA,NA,NA,NA,NA,Camera Failed ot Launch
NA,gp024,5/17/2022,15:20,3,NA,NA,NA,NA,NA,NA,NA,NA,NA,NA,NA,NA,NA,Camera Failed ot Launch
NA,gp024,5/17/2022,15:30,3,NA,NA,NA,NA,NA,NA,NA,NA,NA,NA,NA,NA,NA,Camera Failed ot Launch
NA,gp024,5/17/2022,15:40,3,NA,NA,NA,NA,NA,NA,NA,NA,NA,NA,NA,NA,NA,Camera Failed ot Launch
NA,gp024,5/17/2022,15:50,3,NA,NA,NA,NA,NA,NA,NA,NA,NA,NA,NA,NA,NA,Camera Failed ot Launch
NA,gp024,5/17/2022,16:00,3,NA,NA,NA,NA,NA,NA,NA,NA,NA,NA,NA,NA,NA,Camera Failed ot Launch
NA,gp025,5/17/2022,10:00,4,0,0,0,0,0,0,0,0,0,0,0,0,0,
NA,gp025,5/17/2022,10:10,4,0,0,0,0,0,0,0,0,0,0,0,0,0,
NA,gp025,5/17/2022,10:20,4,0,0,0,0,0,0,0,0,0,0,0,0,0,
NA,gp025,5/17/2022,10:30,4,0,0,0,0,0,0,0,0,0,0,0,0,0,
NA,gp025,5/17/2022,10:40,4,0,0,0,0,0,0,0,0,0,0,0,0,0,
NA,gp025,5/17/2022,10:50,4,0,0,0,0,0,0,0,0,0,0,0,0,0,
NA,gp025,5/17/2022,11:00,4,0,0,0,0,0,0,0,0,0,0,0,0,0,
NA,gp025,5/17/2022,11:10,4,0,0,0,0,0,0,0,0,0,0,0,0,0,
NA,gp025,5/17/2022,11:20,4,0,0,0,0,0,0,0,0,0,0,0,0,0,
NA,gp025,5/17/2022,11:30,4,0,0,0,0,0,0,0,0,0,0,0,0,0,
NA,gp025,5/17/2022,11:40,4,0,0,0,0,0,0,0,0,0,0,0,0,0,
NA,gp025,5/17/2022,11:50,4,0,0,0,0,0,0,0,0,0,0,0,0,0,
GOPR2376,gp025,5/17/2022,12:00,4,0,0,0,0,0,0,0,0,0,0,0,0,0,not yet deployed
GOPR2377,gp025,5/17/2022,12:10,4,0,0,0,0,0,0,0,0,0,0,0,0,0,
GOPR2378,gp025,5/17/2022,12:20,4,0,0,0,0,0,0,0,0,0,0,0,0,0,
GOPR2379,gp025,5/17/2022,12:30,4,0,0,0,0,0,0,0,0,0,0,0,0,0,
GOPR2380,gp025,5/17/2022,12:40,4,0,0,0,0,0,0,0,0,0,0,0,0,0,still dewetted
GOPR2381,gp025,5/17/2022,12:50,4,0,0,0,0,0,0,0,0,0,0,0,0,0,
GOPR2382,gp025,5/17/2022,13:00,4,0,0,0,0,0,0,0,0,0,0,0,0,0,
GOPR2383,gp025,5/17/2022,13:10,4,0,0,0,0,0,0,0,0,0,0,0,0,0,
GOPR2384,gp025,5/17/2022,13:20,4,0,0,0,0,0,0,0,0,0,0,0,0,0,
GOPR2385,gp025,5/17/2022,13:30,4,0,0,0,0,0,0,0,0,0,0,0,0,0,
GOPR2386,gp025,5/17/2022,13:40,4,0,0,0,0,0,0,0,0,0,0,0,0,0,
GOPR2387,gp025,5/17/2022,13:50,4,0,0,0,0,0,0,0,0,0,0,0,0,0,
GOPR2388,gp025,5/17/2022,14:00,4,0,0,0,0,0,0,0,0,0,0,0,0,0,
GOPR2389,gp025,5/17/2022,14:10,4,0,0,0,0,0,0,0,0,0,0,0,0,0,
GOPR2390,gp025,5/17/2022,14:20,4,3,0,0,0,0,0,5,0,0,0,0,0,5,first submerged
GOPR2391,gp025,5/17/2022,14:30,4,3,0,0,0,0,0,1,0,0,0,0,0,1,
GOPR2392,gp025,5/17/2022,14:40,4,3,0,0,0,0,0,0,0,0,0,0,0,0,
GOPR2393,gp025,5/17/2022,14:50,4,2,0,0,0,0,0,0,1,0,0,0,0,0,
GOPR2394,gp025,5/17/2022,15:00,4,2,0,0,0,0,0,0,0,0,0,0,0,0,
GOPR2395,gp025,5/17/2022,15:10,4,2,0,0,0,0,0,0,0,0,0,0,0,0,
GOPR2396,gp025,5/17/2022,15:20,4,2,0,0,0,0,0,0,0,0,0,0,0,0,
GOPR2397,gp025,5/17/2022,15:30,4,2,0,0,0,0,0,0,0,0,0,0,0,0,
GOPR2398,gp025,5/17/2022,15:40,4,2,0,0,0,0,0,1,1,0,0,0,0,1,
GOPR2399,gp025,5/17/2022,15:50,4,1,0,0,0,0,0,0,0,0,0,0,0,0,
GOPR2400,gp025,5/17/2022,16:00,4,1,0,0,0,0,0,0,0,0,0,0,0,0,
NA,gp026,5/17/2022,10:00,5,0,0,0,0,0,0,0,0,0,0,0,0,0,
NA,gp026,5/17/2022,10:10,5,0,0,0,0,0,0,0,0,0,0,0,0,0,
NA,gp026,5/17/2022,10:20,5,0,0,0,0,0,0,0,0,0,0,0,0,0,
NA,gp026,5/17/2022,10:30,5,0,0,0,0,0,0,0,0,0,0,0,0,0,
NA,gp026,5/17/2022,10:40,5,0,0,0,0,0,0,0,0,0,0,0,0,0,
NA,gp026,5/17/2022,10:50,5,0,0,0,0,0,0,0,0,0,0,0,0,0,
NA,gp026,5/17/2022,11:00,5,0,0,0,0,0,0,0,0,0,0,0,0,0,
NA,gp026,5/17/2022,11:10,5,0,0,0,0,0,0,0,0,0,0,0,0,0,
NA,gp026,5/17/2022,11:20,5,0,0,0,0,0,0,0,0,0,0,0,0,0,
NA,gp026,5/17/2022,11:30,5,0,0,0,0,0,0,0,0,0,0,0,0,0,
NA,gp026,5/17/2022,11:40,5,0,0,0,0,0,0,0,0,0,0,0,0,0,
NA,gp026,5/17/2022,11:50,5,0,0,0,0,0,0,0,0,0,0,0,0,0,
GOPR0202,gp026,5/17/2022,12:00,5,0,0,0,0,0,0,0,0,0,0,0,0,0,still dewetted
GOPR0203,gp026,5/17/2022,12:10,5,0,0,0,0,0,0,0,0,0,0,0,0,0,
GOPR0204,gp026,5/17/2022,12:20,5,0,0,0,0,0,0,0,0,0,0,0,0,0,
GOPR0205,gp026,5/17/2022,12:30,5,0,0,0,0,0,0,0,0,0,0,0,0,0,
GOPR0206,gp026,5/17/2022,12:40,5,0,0,0,0,0,0,0,0,0,0,0,0,0,
GOPR0207,gp026,5/17/2022,12:50,5,0,0,0,0,0,0,0,0,0,0,0,0,0,
GOPR0208,gp026,5/17/2022,13:00,5,0,0,0,0,0,0,0,0,0,0,0,0,0,
GOPR0209,gp026,5/17/2022,13:10,5,0,0,0,0,0,0,0,0,0,0,0,0,0,
GOPR0210,gp026,5/17/2022,13:20,5,0,0,0,0,0,0,0,0,0,0,0,0,0,
GOPR0211,gp026,5/17/2022,13:30,5,0,0,0,0,0,0,0,0,0,0,0,0,0,
GOPR0212,gp026,5/17/2022,13:40,5,0,0,0,0,0,0,0,0,0,0,0,0,0,
GOPR0213,gp026,5/17/2022,13:50,5,0,0,0,0,0,0,0,0,0,0,0,0,0,
GOPR0214,gp026,5/17/2022,14:00,5,0,0,0,0,0,0,0,0,0,0,0,0,0,
GOPR0215,gp026,5/17/2022,14:10,5,0,0,0,0,0,0,0,0,0,0,0,0,0,
GOPR0216,gp026,5/17/2022,14:20,5,1,3,0,0,0,0,1,0,0,0,0,0,4,first submerged
GOPR0217,gp026,5/17/2022,14:30,5,1,0,0,0,0,0,1,0,0,0,0,0,1,
GOPR0218,gp026,5/17/2022,14:40,5,1,0,0,0,0,0,1,0,0,0,0,0,1,
GOPR0219,gp026,5/17/2022,14:50,5,1,0,0,0,0,0,0,0,0,0,0,0,0,
GOPR0220,gp026,5/17/2022,15:00,5,1,0,0,0,0,0,7,0,0,0,0,0,7,
GOPR0221,gp026,5/17/2022,15:10,5,1,0,0,0,0,0,0,0,0,0,0,0,0,
GOPR0222,gp026,5/17/2022,15:20,5,2,0,0,0,0,0,0,1,0,0,0,0,0,
GOPR0223,gp026,5/17/2022,15:30,5,2,0,0,0,0,0,0,1,0,1,0,0,0,
GOPR0224,gp026,5/17/2022,15:40,5,2,0,0,0,0,0,0,0,0,0,0,0,0,
GOPR0225,gp026,5/17/2022,15:50,5,2,0,0,0,0,0,0,0,0,0,0,0,0,
GOPR0226,gp026,5/17/2022,16:00,5,2,0,0,0,0,0,0,0,0,0,0,0,0,
GOPR8828,gp040,6/7/2022,8:30,2,NA,NA,NA,NA,NA,NA,NA,NA,NA,NA,NA,NA,NA,not yet deployed
GOPR8829,gp040,6/7/2022,8:40,2,NA,NA,NA,NA,NA,NA,NA,NA,NA,NA,NA,NA,NA,
GOPR8830,gp040,6/7/2022,8:50,2,NA,NA,NA,NA,NA,NA,NA,NA,NA,NA,NA,NA,NA,
GOPR8831,gp040,6/7/2022,9:00,2,NA,NA,NA,NA,NA,NA,NA,NA,NA,NA,NA,NA,NA,
GOPR8832,gp040,6/7/2022,9:10,2,NA,NA,NA,NA,NA,NA,NA,NA,NA,NA,NA,NA,NA,
GOPR8833,gp040,6/7/2022,9:20,2,3,2,0,0,0,0,0,3,0,0,0,0,2,already submerged
GOPR8834,gp040,6/7/2022,9:30,2,3,1,0,0,0,0,6,0,0,0,0,0,7,
GOPR8835,gp040,6/7/2022,9:40,2,3,0,0,0,0,0,4,0,0,0,0,0,4,
GOPR8836,gp040,6/7/2022,9:50,2,3,0,1,0,0,0,7,1,0,0,0,0,8,
GOPR8837,gp040,6/7/2022,10:00,2,3,0,0,0,0,0,13,15,0,0,0,0,13,
GOPR8838,gp040,6/7/2022,10:10,2,3,1,0,0,0,0,7,6,0,0,0,0,8,
GOPR8839,gp040,6/7/2022,10:20,2,3,0,0,0,0,0,9,10,0,0,0,0,9,
GOPR8840,gp040,6/7/2022,10:30,2,3,0,0,0,0,0,6,12,0,0,0,0,6,
GOPR8841,gp040,6/7/2022,10:40,2,3,1,0,0,0,0,9,8,0,0,0,0,10,
GOPR8842,gp040,6/7/2022,10:50,2,3,0,0,0,0,0,7,10,0,0,0,0,7,
GOPR8843,gp040,6/7/2022,11:00,2,3,2,0,0,0,0,11,5,0,0,0,0,13,
GOPR8844,gp040,6/7/2022,11:10,2,3,1,0,0,0,0,16,10,0,0,0,0,17,
GOPR8845,gp040,6/7/2022,11:20,2,3,2,0,0,0,0,19,10,0,0,0,0,21,
GOPR8846,gp040,6/7/2022,11:30,2,3,0,0,0,0,0,11,6,0,0,0,0,11,
GOPR8847,gp040,6/7/2022,11:40,2,3,0,0,0,0,0,10,6,0,0,0,0,10,
GOPR8848,gp040,6/7/2022,11:50,2,3,1,0,0,0,0,6,5,0,0,0,0,7,
GOPR8849,gp040,6/7/2022,12:00,2,3,2,0,0,0,0,11,7,0,0,0,0,13,
GOPR8850,gp040,6/7/2022,12:10,2,3,1,0,0,0,0,5,2,0,0,0,0,6,
GOPR8851,gp040,6/7/2022,12:20,2,3,2,0,0,0,0,5,6,0,0,0,0,7,
GOPR8852,gp040,6/7/2022,12:30,2,3,4,0,0,0,0,7,7,0,0,0,0,11,
NA,gp040,6/7/2022,12:40,2,0,0,0,0,0,0,0,0,0,0,0,0,0,
NA,gp040,6/7/2022,12:50,2,0,0,0,0,0,0,0,0,0,0,0,0,0,
NA,gp040,6/7/2022,13:00,2,0,0,0,0,0,0,0,0,0,0,0,0,0,
NA,gp040,6/7/2022,13:10,2,0,0,0,0,0,0,0,0,0,0,0,0,0,
NA,gp040,6/7/2022,13:20,2,0,0,0,0,0,0,0,0,0,0,0,0,0,
NA,gp040,6/7/2022,13:30,2,0,0,0,0,0,0,0,0,0,0,0,0,0,
NA,gp040,6/7/2022,13:40,2,0,0,0,0,0,0,0,0,0,0,0,0,0,
NA,gp040,6/7/2022,13:50,2,0,0,0,0,0,0,0,0,0,0,0,0,0,
NA,gp040,6/7/2022,14:00,2,0,0,0,0,0,0,0,0,0,0,0,0,0,
NA,gp040,6/7/2022,14:10,2,0,0,0,0,0,0,0,0,0,0,0,0,0,
NA,gp040,6/7/2022,14:20,2,0,0,0,0,0,0,0,0,0,0,0,0,0,
NA,gp040,6/7/2022,14:30,2,0,0,0,0,0,0,0,0,0,0,0,0,0,
NA,gp040,6/7/2022,14:40,2,0,0,0,0,0,0,0,0,0,0,0,0,0,
NA,gp040,6/7/2022,14:50,2,0,0,0,0,0,0,0,0,0,0,0,0,0,
NA,gp040,6/7/2022,15:00,2,0,0,0,0,0,0,0,0,0,0,0,0,0,
NA,gp040,6/7/2022,15:10,2,0,0,0,0,0,0,0,0,0,0,0,0,0,
NA,gp040,6/7/2022,15:20,2,0,0,0,0,0,0,0,0,0,0,0,0,0,
NA,gp040,6/7/2022,15:30,2,0,0,0,0,0,0,0,0,0,0,0,0,0,
NA,gp040,6/7/2022,15:40,2,0,0,0,0,0,0,0,0,0,0,0,0,0,
NA,gp040,6/7/2022,15:50,2,0,0,0,0,0,0,0,0,0,0,0,0,0,
NA,gp040,6/7/2022,16:00,2,0,0,0,0,0,0,0,0,0,0,0,0,0,
NA,gp040,6/7/2022,16:10,2,0,0,0,0,0,0,0,0,0,0,0,0,0,
GOPR2451,gp039,6/7/2022,8:30,3,NA,NA,NA,NA,NA,NA,NA,NA,NA,NA,NA,NA,NA,not yet deployed
GOPR2452,gp039,6/7/2022,8:40,3,NA,NA,NA,NA,NA,NA,NA,NA,NA,NA,NA,NA,NA,
GOPR2453,gp039,6/7/2022,8:50,3,2,0,0,0,0,0,0,0,0,0,0,0,0,
GOPR2454,gp039,6/7/2022,9:00,3,1,0,0,0,0,0,3,0,0,0,0,0,3,
GOPR2455,gp039,6/7/2022,9:10,3,1,0,0,0,0,0,5,0,0,0,0,0,5,
GOPR2456,gp039,6/7/2022,9:20,3,1,0,0,0,0,0,6,2,0,0,0,0,6,
GOPR2457,gp039,6/7/2022,9:30,3,1,0,0,0,0,0,4,0,0,0,0,0,4,
GOPR2458,gp039,6/7/2022,9:40,3,1,1,0,0,0,0,3,0,0,0,0,0,4,
GOPR2459,gp039,6/7/2022,9:50,3,1,0,0,0,0,0,8,0,0,0,0,0,8,
GOPR2460,gp039,6/7/2022,10:00,3,1,0,0,0,0,0,3,1,0,0,0,0,3,
GOPR2461,gp039,6/7/2022,10:10,3,1,2,0,0,0,0,3,0,0,0,0,0,5,
GOPR2462,gp039,6/7/2022,10:20,3,0,0,0,0,0,0,0,0,0,0,0,0,0,dewatered
GOPR2463,gp039,6/7/2022,10:30,3,0,0,0,0,0,0,0,0,0,0,0,0,0,
GOPR2464,gp039,6/7/2022,10:40,3,0,0,0,0,0,0,0,0,0,0,0,0,0,
GOPR2465,gp039,6/7/2022,10:50,3,0,0,0,0,0,0,0,0,0,0,0,0,0,
GOPR2466,gp039,6/7/2022,11:00,3,0,0,0,0,0,0,0,0,0,0,0,0,0,
GOPR2467,gp039,6/7/2022,11:10,3,0,0,0,0,0,0,0,0,0,0,0,0,0,pulled afterwards (dewatered)
GOPR2468,gp039,6/7/2022,11:20,3,0,0,0,0,0,0,0,0,0,0,0,0,0,
GOPR2469,gp039,6/7/2022,11:30,3,0,0,0,0,0,0,0,0,0,0,0,0,0,
GOPR2470,gp039,6/7/2022,11:40,3,0,0,0,0,0,0,0,0,0,0,0,0,0,
GOPR2471,gp039,6/7/2022,11:50,3,0,0,0,0,0,0,0,0,0,0,0,0,0,
GOPR2472,gp039,6/7/2022,12:00,3,0,0,0,0,0,0,0,0,0,0,0,0,0,
GOPR2473,gp039,6/7/2022,12:10,3,0,0,0,0,0,0,0,0,0,0,0,0,0,
GOPR2474,gp039,6/7/2022,12:20,3,0,0,0,0,0,0,0,0,0,0,0,0,0,
GOPR2475,gp039,6/7/2022,12:30,3,0,0,0,0,0,0,0,0,0,0,0,0,0,
NA,gp039,6/7/2022,12:40,3,0,0,0,0,0,0,0,0,0,0,0,0,0,
NA,gp039,6/7/2022,12:50,3,0,0,0,0,0,0,0,0,0,0,0,0,0,
NA,gp039,6/7/2022,13:00,3,0,0,0,0,0,0,0,0,0,0,0,0,0,
NA,gp039,6/7/2022,13:10,3,0,0,0,0,0,0,0,0,0,0,0,0,0,
NA,gp039,6/7/2022,13:20,3,0,0,0,0,0,0,0,0,0,0,0,0,0,
NA,gp039,6/7/2022,13:30,3,0,0,0,0,0,0,0,0,0,0,0,0,0,
NA,gp039,6/7/2022,13:40,3,0,0,0,0,0,0,0,0,0,0,0,0,0,
NA,gp039,6/7/2022,13:50,3,0,0,0,0,0,0,0,0,0,0,0,0,0,
NA,gp039,6/7/2022,14:00,3,0,0,0,0,0,0,0,0,0,0,0,0,0,
NA,gp039,6/7/2022,14:10,3,0,0,0,0,0,0,0,0,0,0,0,0,0,
NA,gp039,6/7/2022,14:20,3,0,0,0,0,0,0,0,0,0,0,0,0,0,
NA,gp039,6/7/2022,14:30,3,0,0,0,0,0,0,0,0,0,0,0,0,0,
NA,gp039,6/7/2022,14:40,3,0,0,0,0,0,0,0,0,0,0,0,0,0,
NA,gp039,6/7/2022,14:50,3,0,0,0,0,0,0,0,0,0,0,0,0,0,
NA,gp039,6/7/2022,15:00,3,0,0,0,0,0,0,0,0,0,0,0,0,0,
NA,gp039,6/7/2022,15:10,3,0,0,0,0,0,0,0,0,0,0,0,0,0,
NA,gp039,6/7/2022,15:20,3,0,0,0,0,0,0,0,0,0,0,0,0,0,
NA,gp039,6/7/2022,15:30,3,0,0,0,0,0,0,0,0,0,0,0,0,0,
NA,gp039,6/7/2022,15:40,3,0,0,0,0,0,0,0,0,0,0,0,0,0,
NA,gp039,6/7/2022,15:50,3,0,0,0,0,0,0,0,0,0,0,0,0,0,
NA,gp039,6/7/2022,16:00,3,0,0,0,0,0,0,0,0,0,0,0,0,0,
NA,gp039,6/7/2022,16:10,3,0,0,0,0,0,0,0,0,0,0,0,0,0,
GOPR0328,gp038,6/7/2022,8:30,4,0,0,0,0,0,0,0,0,0,0,0,0,0,Not yet deployed
GOPR0329,gp038,6/7/2022,8:40,4,0,0,0,0,0,0,0,0,0,0,0,0,0,dewatered.
GOPR0330,gp038,6/7/2022,8:50,4,0,0,0,0,0,0,0,0,0,0,0,0,0,
GOPR0331,gp038,6/7/2022,9:00,4,0,0,0,0,0,0,0,0,0,0,0,0,0,
GOPR0332,gp038,6/7/2022,9:10,4,0,0,0,0,0,0,0,0,0,0,0,0,0,
GOPR0333,gp038,6/7/2022,9:20,4,0,0,0,0,0,0,0,0,0,0,0,0,0,
GOPR0334,gp038,6/7/2022,9:30,4,0,0,0,0,0,0,0,0,0,0,0,0,0,
GOPR0335,gp038,6/7/2022,9:40,4,0,0,0,0,0,0,0,0,0,0,0,0,0,
GOPR0336,gp038,6/7/2022,9:50,4,0,0,0,0,0,0,0,0,0,0,0,0,0,
GOPR0337,gp038,6/7/2022,10:00,4,0,0,0,0,0,0,0,0,0,0,0,0,0,
GOPR0338,gp038,6/7/2022,10:10,4,0,0,0,0,0,0,0,0,0,0,0,0,0,
GOPR0339,gp038,6/7/2022,10:20,4,0,0,0,0,0,0,0,0,0,0,0,0,0,
GOPR0340,gp038,6/7/2022,10:30,4,0,0,0,0,0,0,0,0,0,0,0,0,0,
GOPR0341,gp038,6/7/2022,10:40,4,0,0,0,0,0,0,0,0,0,0,0,0,0,
GOPR0342,gp038,6/7/2022,10:50,4,0,0,0,0,0,0,0,0,0,0,0,0,0,
GOPR0343,gp038,6/7/2022,11:00,4,0,0,0,0,0,0,0,0,0,0,0,0,0,
GOPR0344,gp038,6/7/2022,11:10,4,0,0,0,0,0,0,0,0,0,0,0,0,0,
GOPR0345,gp038,6/7/2022,11:20,4,0,0,0,0,0,0,0,0,0,0,0,0,0,
GOPR0346,gp038,6/7/2022,11:30,4,0,0,0,0,0,0,0,0,0,0,0,0,0,
GOPR0347,gp038,6/7/2022,11:40,4,0,0,0,0,0,0,0,0,0,0,0,0,0,
GOPR0348,gp038,6/7/2022,11:50,4,0,0,0,0,0,0,0,0,0,0,0,0,0,
GOPR0349,gp038,6/7/2022,12:00,4,0,0,0,0,0,0,0,0,0,0,0,0,0,
GOPR0350,gp038,6/7/2022,12:10,4,0,0,0,0,0,0,0,0,0,0,0,0,0,
GOPR0351,gp038,6/7/2022,12:20,4,0,0,0,0,0,0,0,0,0,0,0,0,0,
GOPR0352,gp038,6/7/2022,12:30,4,0,0,0,0,0,0,0,0,0,0,0,0,0,
NA,gp038,6/7/2022,12:40,4,0,0,0,0,0,0,0,0,0,0,0,0,0,
NA,gp038,6/7/2022,12:50,4,0,0,0,0,0,0,0,0,0,0,0,0,0,
NA,gp038,6/7/2022,13:00,4,0,0,0,0,0,0,0,0,0,0,0,0,0,
NA,gp038,6/7/2022,13:10,4,0,0,0,0,0,0,0,0,0,0,0,0,0,
NA,gp038,6/7/2022,13:20,4,0,0,0,0,0,0,0,0,0,0,0,0,0,
NA,gp038,6/7/2022,13:30,4,0,0,0,0,0,0,0,0,0,0,0,0,0,
NA,gp038,6/7/2022,13:40,4,0,0,0,0,0,0,0,0,0,0,0,0,0,
NA,gp038,6/7/2022,13:50,4,0,0,0,0,0,0,0,0,0,0,0,0,0,
NA,gp038,6/7/2022,14:00,4,0,0,0,0,0,0,0,0,0,0,0,0,0,
NA,gp038,6/7/2022,14:10,4,0,0,0,0,0,0,0,0,0,0,0,0,0,
NA,gp038,6/7/2022,14:20,4,0,0,0,0,0,0,0,0,0,0,0,0,0,
NA,gp038,6/7/2022,14:30,4,0,0,0,0,0,0,0,0,0,0,0,0,0,
NA,gp038,6/7/2022,14:40,4,0,0,0,0,0,0,0,0,0,0,0,0,0,
NA,gp038,6/7/2022,14:50,4,0,0,0,0,0,0,0,0,0,0,0,0,0,
NA,gp038,6/7/2022,15:00,4,0,0,0,0,0,0,0,0,0,0,0,0,0,
NA,gp038,6/7/2022,15:10,4,0,0,0,0,0,0,0,0,0,0,0,0,0,
NA,gp038,6/7/2022,15:20,4,0,0,0,0,0,0,0,0,0,0,0,0,0,
NA,gp038,6/7/2022,15:30,4,0,0,0,0,0,0,0,0,0,0,0,0,0,
NA,gp038,6/7/2022,15:40,4,0,0,0,0,0,0,0,0,0,0,0,0,0,
NA,gp038,6/7/2022,15:50,4,0,0,0,0,0,0,0,0,0,0,0,0,0,
NA,gp038,6/7/2022,16:00,4,0,0,0,0,0,0,0,0,0,0,0,0,0,
NA,gp038,6/7/2022,16:10,4,0,0,0,0,0,0,0,0,0,0,0,0,0,
GOPR0374,gp037,6/7/2022,8:30,5,1,5,0,0,0,0,8,4,0,0,0,0,13,deploying cam
GOPR0375,gp037,6/7/2022,8:40,5,1,16,0,0,0,0,37,9,0,0,0,0,53,
GOPR0376,gp037,6/7/2022,8:50,5,1,6,0,0,0,0,12,4,0,0,0,0,18,
GOPR0377,gp037,6/7/2022,9:00,5,0,0,0,0,0,0,0,0,0,0,0,0,0,
GOPR0378,gp037,6/7/2022,9:10,5,0,0,0,0,0,0,0,0,0,0,0,0,0,
GOPR0379,gp037,6/7/2022,9:20,5,0,0,0,0,0,0,0,0,0,0,0,0,0,
GOPR0380,gp037,6/7/2022,9:30,5,0,0,0,0,0,0,0,0,0,0,0,0,0,
GOPR0381,gp037,6/7/2022,9:40,5,0,0,0,0,0,0,0,0,0,0,0,0,0,
GOPR0382,gp037,6/7/2022,9:50,5,0,0,0,0,0,0,0,0,0,0,0,0,0,
GOPR0383,gp037,6/7/2022,10:00,5,0,0,0,0,0,0,0,0,0,0,0,0,0,
GOPR0384,gp037,6/7/2022,10:10,5,0,0,0,0,0,0,0,0,0,0,0,0,0,
GOPR0385,gp037,6/7/2022,10:20,5,0,0,0,0,0,0,0,0,0,0,0,0,0,
GOPR0386,gp037,6/7/2022,10:30,5,0,0,0,0,0,0,0,0,0,0,0,0,0,
GOPR0387,gp037,6/7/2022,10:40,5,0,0,0,0,0,0,0,0,0,0,0,0,0,
GOPR0388,gp037,6/7/2022,10:50,5,0,0,0,0,0,0,0,0,0,0,0,0,0,
GOPR0389,gp037,6/7/2022,11:00,5,0,0,0,0,0,0,0,0,0,0,0,0,0,
GOPR0390,gp037,6/7/2022,11:10,5,0,0,0,0,0,0,0,0,0,0,0,0,0,
GOPR0391,gp037,6/7/2022,11:20,5,0,0,0,0,0,0,0,0,0,0,0,0,0,
GOPR0392,gp037,6/7/2022,11:30,5,0,0,0,0,0,0,0,0,0,0,0,0,0,
GOPR0393,gp037,6/7/2022,11:40,5,0,0,0,0,0,0,0,0,0,0,0,0,0,
GOPR0394,gp037,6/7/2022,11:50,5,0,0,0,0,0,0,0,0,0,0,0,0,0,
GOPR0395,gp037,6/7/2022,12:00,5,0,0,0,0,0,0,0,0,0,0,0,0,0,
GOPR0396,gp037,6/7/2022,12:10,5,0,0,0,0,0,0,0,0,0,0,0,0,0,
GOPR0397,gp037,6/7/2022,12:20,5,0,0,0,0,0,0,0,0,0,0,0,0,0,
GOPR0398,gp037,6/7/2022,12:30,5,0,0,0,0,0,0,0,0,0,0,0,0,0,
NA,gp037,6/7/2022,12:40,5,0,0,0,0,0,0,0,0,0,0,0,0,0,
NA,gp037,6/7/2022,12:50,5,0,0,0,0,0,0,0,0,0,0,0,0,0,
NA,gp037,6/7/2022,13:00,5,0,0,0,0,0,0,0,0,0,0,0,0,0,
NA,gp037,6/7/2022,13:10,5,0,0,0,0,0,0,0,0,0,0,0,0,0,
NA,gp037,6/7/2022,13:20,5,0,0,0,0,0,0,0,0,0,0,0,0,0,
NA,gp037,6/7/2022,13:30,5,0,0,0,0,0,0,0,0,0,0,0,0,0,
NA,gp037,6/7/2022,13:40,5,0,0,0,0,0,0,0,0,0,0,0,0,0,
NA,gp037,6/7/2022,13:50,5,0,0,0,0,0,0,0,0,0,0,0,0,0,
NA,gp037,6/7/2022,14:00,5,0,0,0,0,0,0,0,0,0,0,0,0,0,
NA,gp037,6/7/2022,14:10,5,0,0,0,0,0,0,0,0,0,0,0,0,0,
NA,gp037,6/7/2022,14:20,5,0,0,0,0,0,0,0,0,0,0,0,0,0,
NA,gp037,6/7/2022,14:30,5,0,0,0,0,0,0,0,0,0,0,0,0,0,
NA,gp037,6/7/2022,14:40,5,0,0,0,0,0,0,0,0,0,0,0,0,0,
NA,gp037,6/7/2022,14:50,5,0,0,0,0,0,0,0,0,0,0,0,0,0,
NA,gp037,6/7/2022,15:00,5,0,0,0,0,0,0,0,0,0,0,0,0,0,
NA,gp037,6/7/2022,15:10,5,0,0,0,0,0,0,0,0,0,0,0,0,0,
NA,gp037,6/7/2022,15:20,5,0,0,0,0,0,0,0,0,0,0,0,0,0,
NA,gp037,6/7/2022,15:30,5,0,0,0,0,0,0,0,0,0,0,0,0,0,
NA,gp037,6/7/2022,15:40,5,0,0,0,0,0,0,0,0,0,0,0,0,0,
NA,gp037,6/7/2022,15:50,5,0,0,0,0,0,0,0,0,0,0,0,0,0,
NA,gp037,6/7/2022,16:00,5,0,0,0,0,0,0,0,0,0,0,0,0,0,
NA,gp037,6/7/2022,16:10,5,0,0,0,0,0,0,0,0,0,0,0,0,0,
NA,gp049,7/2/2022,10:40,1,0,0,0,0,0,0,0,0,0,0,0,0,0,
NA,gp049,7/2/2022,10:50,1,0,0,0,0,0,0,0,0,0,0,0,0,0,
NA,gp049,7/2/2022,11:00,1,0,0,0,0,0,0,0,0,0,0,0,0,0,
NA,gp049,7/2/2022,11:10,1,0,0,0,0,0,0,0,0,0,0,0,0,0,
NA,gp049,7/2/2022,11:20,1,0,0,0,0,0,0,0,0,0,0,0,0,0,
NA,gp049,7/2/2022,11:30,1,0,0,0,0,0,0,0,0,0,0,0,0,0,
NA,gp049,7/2/2022,11:40,1,0,0,0,0,0,0,0,0,0,0,0,0,0,
NA,gp049,7/2/2022,11:50,1,0,0,0,0,0,0,0,0,0,0,0,0,0,
NA,gp049,7/2/2022,12:00,1,0,0,0,0,0,0,0,0,0,0,0,0,0,
NA,gp049,7/2/2022,12:10,1,0,0,0,0,0,0,0,0,0,0,0,0,0,
NA,gp049,7/2/2022,12:20,1,0,0,0,0,0,0,0,0,0,0,0,0,0,
NA,gp049,7/2/2022,12:30,1,0,0,0,0,0,0,0,0,0,0,0,0,0,
NA,gp049,7/2/2022,12:40,1,0,0,0,0,0,0,0,0,0,0,0,0,0,
NA,gp049,7/2/2022,12:50,1,0,0,0,0,0,0,0,0,0,0,0,0,0,
NA,gp049,7/2/2022,13:00,1,0,0,0,0,0,0,0,0,0,0,0,0,0,
NA,gp049,7/2/2022,13:10,1,0,0,0,0,0,0,0,0,0,0,0,0,0,
NA,gp049,7/2/2022,13:20,1,0,0,0,0,0,0,0,0,0,0,0,0,0,
NA,gp049,7/2/2022,13:30,1,0,0,0,0,0,0,0,0,0,0,0,0,0,
NA,gp049,7/2/2022,13:40,1,0,0,0,0,0,0,0,0,0,0,0,0,0,
NA,gp049,7/2/2022,13:50,1,0,0,0,0,0,0,0,0,0,0,0,0,0,
GOPR8980,gp049,7/2/2022,14:00,1,0,0,0,0,0,0,0,0,0,0,0,0,0,still dewetted
GOPR8981,gp049,7/2/2022,14:10,1,0,0,0,0,0,0,0,0,0,0,0,0,0,
GOPR8982,gp049,7/2/2022,14:20,1,0,0,0,0,0,0,0,0,0,0,0,0,0,
GOPR8983,gp049,7/2/2022,14:30,1,0,0,0,0,0,0,0,0,0,0,0,0,0,
GOPR8984,gp049,7/2/2022,14:40,1,0,0,0,0,0,0,0,0,0,0,0,0,0,
GOPR8985,gp049,7/2/2022,14:50,1,0,0,0,0,0,0,0,0,0,0,0,0,0,
GOPR8986,gp049,7/2/2022,15:00,1,0,0,0,0,0,0,0,0,0,0,0,0,0,
GOPR8987,gp049,7/2/2022,15:10,1,0,0,0,0,0,0,0,0,0,0,0,0,0,
GOPR8988,gp049,7/2/2022,15:20,1,0,0,0,0,0,0,0,0,0,0,0,0,0,
GOPR8989,gp049,7/2/2022,15:30,1,0,0,0,0,0,0,0,0,0,0,0,0,0,
GOPR8990,gp049,7/2/2022,15:40,1,0,0,0,0,0,0,0,0,0,0,0,0,0,
GOPR8991,gp049,7/2/2022,15:50,1,0,0,0,0,0,0,0,0,0,0,0,0,0,
GOPR8992,gp049,7/2/2022,16:00,1,0,0,0,0,0,0,0,0,0,0,0,0,0,
GOPR8993,gp049,7/2/2022,16:10,1,3,0,0,0,0,0,0,0,0,0,0,0,0,first submerged
GOPR8994,gp049,7/2/2022,16:20,1,3,0,0,0,0,0,0,0,0,0,0,0,0,
GOPR8995,gp049,7/2/2022,16:30,1,3,0,0,0,0,0,0,0,5,0,0,0,0,
GOPR8996,gp049,7/2/2022,16:40,1,2,0,0,0,0,0,0,0,6,0,0,0,0,
GOPR8997,gp049,7/2/2022,16:50,1,2,0,0,0,0,0,0,0,1,0,0,0,0,
GOPR8998,gp049,7/2/2022,17:00,1,2,0,0,0,0,0,0,0,2,0,0,0,0,
GOPR8999,gp049,7/2/2022,17:10,1,2,0,0,0,0,0,0,0,0,0,0,0,0,
GOPR9000,gp049,7/2/2022,17:20,1,2,0,0,0,0,0,0,0,0,0,0,0,0,
GOPR9001,gp049,7/2/2022,17:30,1,2,0,0,0,0,0,0,0,0,0,0,0,0,
GOPR9002,gp049,7/2/2022,17:40,1,2,0,0,0,0,0,0,0,1,0,0,0,0,
GOPR9003,gp049,7/2/2022,17:50,1,2,0,0,0,0,0,0,0,0,0,0,0,0,
GOPR9004,gp049,7/2/2022,18:00,1,2,0,0,0,0,0,0,0,0,0,0,0,0,
NA,gp050,7/2/2022,10:40,2,0,0,0,0,0,0,0,0,0,0,0,0,0,
NA,gp050,7/2/2022,10:50,2,0,0,0,0,0,0,0,0,0,0,0,0,0,
NA,gp050,7/2/2022,11:00,2,0,0,0,0,0,0,0,0,0,0,0,0,0,
NA,gp050,7/2/2022,11:10,2,0,0,0,0,0,0,0,0,0,0,0,0,0,
NA,gp050,7/2/2022,11:20,2,0,0,0,0,0,0,0,0,0,0,0,0,0,
NA,gp050,7/2/2022,11:30,2,0,0,0,0,0,0,0,0,0,0,0,0,0,
NA,gp050,7/2/2022,11:40,2,0,0,0,0,0,0,0,0,0,0,0,0,0,
NA,gp050,7/2/2022,11:50,2,0,0,0,0,0,0,0,0,0,0,0,0,0,
NA,gp050,7/2/2022,12:00,2,0,0,0,0,0,0,0,0,0,0,0,0,0,
NA,gp050,7/2/2022,12:10,2,0,0,0,0,0,0,0,0,0,0,0,0,0,
NA,gp050,7/2/2022,12:20,2,0,0,0,0,0,0,0,0,0,0,0,0,0,
NA,gp050,7/2/2022,12:30,2,0,0,0,0,0,0,0,0,0,0,0,0,0,
NA,gp050,7/2/2022,12:40,2,0,0,0,0,0,0,0,0,0,0,0,0,0,
NA,gp050,7/2/2022,12:50,2,0,0,0,0,0,0,0,0,0,0,0,0,0,
NA,gp050,7/2/2022,13:00,2,0,0,0,0,0,0,0,0,0,0,0,0,0,
NA,gp050,7/2/2022,13:10,2,0,0,0,0,0,0,0,0,0,0,0,0,0,
NA,gp050,7/2/2022,13:20,2,0,0,0,0,0,0,0,0,0,0,0,0,0,
NA,gp050,7/2/2022,13:30,2,0,0,0,0,0,0,0,0,0,0,0,0,0,
NA,gp050,7/2/2022,13:40,2,0,0,0,0,0,0,0,0,0,0,0,0,0,
NA,gp050,7/2/2022,13:50,2,0,0,0,0,0,0,0,0,0,0,0,0,0,
GOPR8965,gp050,7/2/2022,14:00,2,3,0,0,0,0,0,10,5,0,0,0,0,10,
GOPR8966,gp050,7/2/2022,14:10,2,3,0,0,0,0,0,8,8,0,0,0,0,8,
GOPR8967,gp050,7/2/2022,14:20,2,3,0,0,0,0,0,6,19,0,0,0,0,6,
GOPR8968,gp050,7/2/2022,14:30,2,3,0,0,0,0,0,4,65,0,0,0,0,4,
GOPR8969,gp050,7/2/2022,14:40,2,3,0,0,0,0,0,4,8,0,0,0,0,4,
GOPR8970,gp050,7/2/2022,14:50,2,3,0,0,0,0,0,6,58,0,0,0,0,6,
GOPR8971,gp050,7/2/2022,15:00,2,3,1,0,0,0,0,2,15,0,0,0,0,3,
GOPR8972,gp050,7/2/2022,15:10,2,3,0,0,0,0,0,0,27,0,0,0,0,0,
GOPR8973,gp050,7/2/2022,15:20,2,3,0,0,0,0,0,2,10,0,0,0,0,2,
GOPR8974,gp050,7/2/2022,15:30,2,3,0,0,0,0,0,0,46,0,0,0,0,0,
GOPR8975,gp050,7/2/2022,15:40,2,3,0,0,0,0,0,0,85,0,0,0,0,0,
GOPR8976,gp050,7/2/2022,15:50,2,3,0,0,0,0,0,0,100,0,0,0,0,0,so many sticklebacks!!! 200+
GOPR8977,gp050,7/2/2022,16:00,2,3,0,0,0,0,0,0,35,0,0,0,0,0,terrible vis
GOPR8978,gp050,7/2/2022,16:10,2,3,0,0,0,0,0,2,3,0,0,0,0,2,
GOPR8979,gp050,7/2/2022,16:20,2,3,0,0,0,0,0,0,0,0,0,0,0,0,
GOPR8980,gp050,7/2/2022,16:30,2,3,0,0,0,0,0,0,0,0,0,0,0,0,
GOPR8981,gp050,7/2/2022,16:40,2,3,0,0,0,0,0,0,0,0,0,0,0,0,
GOPR8982,gp050,7/2/2022,16:50,2,3,0,0,0,0,0,0,0,0,0,0,0,0,
GOPR8983,gp050,7/2/2022,17:00,2,3,0,0,0,0,0,0,2,2,0,0,0,0,
GOPR8984,gp050,7/2/2022,17:10,2,3,0,0,0,0,0,0,0,1,0,0,0,0,
GOPR8985,gp050,7/2/2022,17:20,2,3,0,0,0,0,0,0,0,0,0,0,0,0,
GOPR8986,gp050,7/2/2022,17:30,2,3,0,0,0,0,0,0,0,3,0,0,0,0,
GOPR8987,gp050,7/2/2022,17:40,2,3,0,0,0,0,0,0,0,11,0,0,0,0,
GOPR8988,gp050,7/2/2022,17:50,2,3,0,0,0,0,0,0,0,0,0,0,0,0,
GOPR8989,gp050,7/2/2022,18:00,2,3,0,0,0,0,0,0,0,2,0,0,0,0,
NA,gp051,7/2/2022,10:40,3,0,0,0,0,0,0,0,0,0,0,0,0,0,
NA,gp051,7/2/2022,10:50,3,0,0,0,0,0,0,0,0,0,0,0,0,0,
NA,gp051,7/2/2022,11:00,3,0,0,0,0,0,0,0,0,0,0,0,0,0,
NA,gp051,7/2/2022,11:10,3,0,0,0,0,0,0,0,0,0,0,0,0,0,
NA,gp051,7/2/2022,11:20,3,0,0,0,0,0,0,0,0,0,0,0,0,0,
NA,gp051,7/2/2022,11:30,3,0,0,0,0,0,0,0,0,0,0,0,0,0,
NA,gp051,7/2/2022,11:40,3,0,0,0,0,0,0,0,0,0,0,0,0,0,
NA,gp051,7/2/2022,11:50,3,0,0,0,0,0,0,0,0,0,0,0,0,0,
NA,gp051,7/2/2022,12:00,3,0,0,0,0,0,0,0,0,0,0,0,0,0,
NA,gp051,7/2/2022,12:10,3,0,0,0,0,0,0,0,0,0,0,0,0,0,
NA,gp051,7/2/2022,12:20,3,0,0,0,0,0,0,0,0,0,0,0,0,0,
NA,gp051,7/2/2022,12:30,3,0,0,0,0,0,0,0,0,0,0,0,0,0,
NA,gp051,7/2/2022,12:40,3,0,0,0,0,0,0,0,0,0,0,0,0,0,
NA,gp051,7/2/2022,12:50,3,0,0,0,0,0,0,0,0,0,0,0,0,0,
NA,gp051,7/2/2022,13:00,3,0,0,0,0,0,0,0,0,0,0,0,0,0,
NA,gp051,7/2/2022,13:10,3,0,0,0,0,0,0,0,0,0,0,0,0,0,
NA,gp051,7/2/2022,13:20,3,0,0,0,0,0,0,0,0,0,0,0,0,0,
NA,gp051,7/2/2022,13:30,3,0,0,0,0,0,0,0,0,0,0,0,0,0,
NA,gp051,7/2/2022,13:40,3,0,0,0,0,0,0,0,0,0,0,0,0,0,
NA,gp051,7/2/2022,13:50,3,0,0,0,0,0,0,0,0,0,0,0,0,0,
GOPR2518,gp051,7/2/2022,14:00,3,0,0,0,0,0,0,0,0,0,0,0,0,0,still dewetted
GOPR2519,gp051,7/2/2022,14:10,3,0,0,0,0,0,0,0,0,0,0,0,0,0,
GOPR2520,gp051,7/2/2022,14:20,3,0,0,0,0,0,0,0,0,0,0,0,0,0,
GOPR2521,gp051,7/2/2022,14:30,3,0,0,0,0,0,0,0,0,0,0,0,0,0,
GOPR2522,gp051,7/2/2022,14:40,3,0,0,0,0,0,0,0,0,0,0,0,0,0,
GOPR2523,gp051,7/2/2022,14:50,3,0,0,0,0,0,0,0,0,0,0,0,0,0,
GOPR2524,gp051,7/2/2022,15:00,3,1,1,0,0,0,0,3,1,0,0,0,0,4,First submerged
GOPR2525,gp051,7/2/2022,15:10,3,1,2,0,0,0,0,5,0,0,0,0,0,7,
GOPR2526,gp051,7/2/2022,15:20,3,1,1,0,0,0,0,1,0,0,0,0,0,2,
GOPR2527,gp051,7/2/2022,15:30,3,1,0,0,0,0,0,2,12,0,0,0,0,2,
GOPR2528,gp051,7/2/2022,15:40,3,1,3,0,0,0,0,4,22,0,0,0,0,7,
GOPR2529,gp051,7/2/2022,15:50,3,1,1,0,0,0,0,4,7,0,0,0,0,5,
GOPR2530,gp051,7/2/2022,16:00,3,1,1,0,0,0,0,2,0,0,0,0,0,3,
GOPR2531,gp051,7/2/2022,16:10,3,1,0,0,0,0,0,3,1,0,0,0,0,3,
GOPR2532,gp051,7/2/2022,16:20,3,1,2,0,0,0,0,3,0,0,0,0,0,5,
GOPR2533,gp051,7/2/2022,16:30,3,1,0,0,0,0,0,0,0,0,0,0,0,0,
GOPR2534,gp051,7/2/2022,16:40,3,NA,NA,NA,NA,NA,NA,NA,NA,NA,NA,NA,NA,NA,Camera got water damaged.
GOPR2535,gp051,7/2/2022,16:50,3,NA,NA,NA,NA,NA,NA,NA,NA,NA,NA,NA,NA,NA,
GOPR2536,gp051,7/2/2022,17:00,3,NA,NA,NA,NA,NA,NA,NA,NA,NA,NA,NA,NA,NA,
GOPR2537,gp051,7/2/2022,17:10,3,NA,NA,NA,NA,NA,NA,NA,NA,NA,NA,NA,NA,NA,
GOPR2538,gp051,7/2/2022,17:20,3,NA,NA,NA,NA,NA,NA,NA,NA,NA,NA,NA,NA,NA,
GOPR2539,gp051,7/2/2022,17:30,3,NA,NA,NA,NA,NA,NA,NA,NA,NA,NA,NA,NA,NA,
GOPR2540,gp051,7/2/2022,17:40,3,NA,NA,NA,NA,NA,NA,NA,NA,NA,NA,NA,NA,NA,
GOPR2541,gp051,7/2/2022,17:50,3,NA,NA,NA,NA,NA,NA,NA,NA,NA,NA,NA,NA,NA,
GOPR2542,gp051,7/2/2022,18:00,3,NA,NA,NA,NA,NA,NA,NA,NA,NA,NA,NA,NA,NA,
NA,gp052,7/2/2022,10:40,4,0,0,0,0,0,0,0,0,0,0,0,0,0,
NA,gp052,7/2/2022,10:50,4,0,0,0,0,0,0,0,0,0,0,0,0,0,
NA,gp052,7/2/2022,11:00,4,0,0,0,0,0,0,0,0,0,0,0,0,0,
NA,gp052,7/2/2022,11:10,4,0,0,0,0,0,0,0,0,0,0,0,0,0,
NA,gp052,7/2/2022,11:20,4,0,0,0,0,0,0,0,0,0,0,0,0,0,
NA,gp052,7/2/2022,11:30,4,0,0,0,0,0,0,0,0,0,0,0,0,0,
NA,gp052,7/2/2022,11:40,4,0,0,0,0,0,0,0,0,0,0,0,0,0,
NA,gp052,7/2/2022,11:50,4,0,0,0,0,0,0,0,0,0,0,0,0,0,
NA,gp052,7/2/2022,12:00,4,0,0,0,0,0,0,0,0,0,0,0,0,0,
NA,gp052,7/2/2022,12:10,4,0,0,0,0,0,0,0,0,0,0,0,0,0,
NA,gp052,7/2/2022,12:20,4,0,0,0,0,0,0,0,0,0,0,0,0,0,
NA,gp052,7/2/2022,12:30,4,0,0,0,0,0,0,0,0,0,0,0,0,0,
NA,gp052,7/2/2022,12:40,4,0,0,0,0,0,0,0,0,0,0,0,0,0,
NA,gp052,7/2/2022,12:50,4,0,0,0,0,0,0,0,0,0,0,0,0,0,
NA,gp052,7/2/2022,13:00,4,0,0,0,0,0,0,0,0,0,0,0,0,0,
NA,gp052,7/2/2022,13:10,4,0,0,0,0,0,0,0,0,0,0,0,0,0,
NA,gp052,7/2/2022,13:20,4,0,0,0,0,0,0,0,0,0,0,0,0,0,
NA,gp052,7/2/2022,13:30,4,0,0,0,0,0,0,0,0,0,0,0,0,0,
NA,gp052,7/2/2022,13:40,4,0,0,0,0,0,0,0,0,0,0,0,0,0,
NA,gp052,7/2/2022,13:50,4,0,0,0,0,0,0,0,0,0,0,0,0,0,
GOPR0437,gp052,7/2/2022,14:00,4,0,0,0,0,0,0,0,0,0,0,0,0,0,still dewetted
GOPR0438,gp052,7/2/2022,14:10,4,0,0,0,0,0,0,0,0,0,0,0,0,0,
GOPR0439,gp052,7/2/2022,14:20,4,0,0,0,0,0,0,0,0,0,0,0,0,0,
GOPR0440,gp052,7/2/2022,14:30,4,0,0,0,0,0,0,0,0,0,0,0,0,0,
GOPR0441,gp052,7/2/2022,14:40,4,0,0,0,0,0,0,0,0,0,0,0,0,0,
GOPR0442,gp052,7/2/2022,14:50,4,0,0,0,0,0,0,0,0,0,0,0,0,0,
GOPR0443,gp052,7/2/2022,15:00,4,0,0,0,0,0,0,0,0,0,0,0,0,0,
GOPR0444,gp052,7/2/2022,15:10,4,0,0,0,0,0,0,0,0,0,0,0,0,0,
GOPR0445,gp052,7/2/2022,15:20,4,0,0,0,0,0,0,0,0,0,0,0,0,0,
GOPR0446,gp052,7/2/2022,15:30,4,0,0,0,0,0,0,0,0,0,0,0,0,0,
GOPR0447,gp052,7/2/2022,15:40,4,0,0,0,0,0,0,0,0,0,0,0,0,0,
GOPR0448,gp052,7/2/2022,15:50,4,0,0,0,0,0,0,0,0,0,0,0,0,0,
GOPR0449,gp052,7/2/2022,16:00,4,0,0,0,0,0,0,0,0,0,0,0,0,0,
GOPR0450,gp052,7/2/2022,16:10,4,1,2,0,0,0,0,1,4,0,0,0,0,3,first submerged
GOPR0451,gp052,7/2/2022,16:20,4,1,3,0,0,0,0,0,0,0,0,0,0,3,
GOPR0452,gp052,7/2/2022,16:30,4,1,1,0,0,0,0,1,2,0,0,0,0,2,
GOPR0453,gp052,7/2/2022,16:40,4,1,0,0,0,0,0,1,0,0,0,0,0,1,
GOPR0454,gp052,7/2/2022,16:50,4,1,0,0,0,0,0,0,0,0,0,0,0,0,
GOPR0455,gp052,7/2/2022,17:00,4,1,2,0,0,0,0,0,1,0,0,0,0,2,
GOPR0456,gp052,7/2/2022,17:10,4,1,0,0,0,0,0,0,2,0,0,0,0,0,
GOPR0457,gp052,7/2/2022,17:20,4,1,0,0,0,0,0,1,1,0,0,0,0,1,
GOPR0458,gp052,7/2/2022,17:30,4,1,0,0,0,0,0,0,2,0,0,0,0,0,
GOPR0459,gp052,7/2/2022,17:40,4,1,0,0,0,0,0,0,2,0,0,0,0,0,
GOPR0460,gp052,7/2/2022,17:50,4,1,0,0,0,0,0,0,2,0,0,0,0,0,
GOPR0461,gp052,7/2/2022,18:00,4,1,0,0,0,0,0,0,1,0,0,0,0,0,
NA,gp053,7/2/2022,10:40,5,0,0,0,0,0,0,0,0,0,0,0,0,0,
NA,gp053,7/2/2022,10:50,5,0,0,0,0,0,0,0,0,0,0,0,0,0,
NA,gp053,7/2/2022,11:00,5,0,0,0,0,0,0,0,0,0,0,0,0,0,
NA,gp053,7/2/2022,11:10,5,0,0,0,0,0,0,0,0,0,0,0,0,0,
NA,gp053,7/2/2022,11:20,5,0,0,0,0,0,0,0,0,0,0,0,0,0,
NA,gp053,7/2/2022,11:30,5,0,0,0,0,0,0,0,0,0,0,0,0,0,
NA,gp053,7/2/2022,11:40,5,0,0,0,0,0,0,0,0,0,0,0,0,0,
NA,gp053,7/2/2022,11:50,5,0,0,0,0,0,0,0,0,0,0,0,0,0,
NA,gp053,7/2/2022,12:00,5,0,0,0,0,0,0,0,0,0,0,0,0,0,
NA,gp053,7/2/2022,12:10,5,0,0,0,0,0,0,0,0,0,0,0,0,0,
NA,gp053,7/2/2022,12:20,5,0,0,0,0,0,0,0,0,0,0,0,0,0,
NA,gp053,7/2/2022,12:30,5,0,0,0,0,0,0,0,0,0,0,0,0,0,
NA,gp053,7/2/2022,12:40,5,0,0,0,0,0,0,0,0,0,0,0,0,0,
NA,gp053,7/2/2022,12:50,5,0,0,0,0,0,0,0,0,0,0,0,0,0,
NA,gp053,7/2/2022,13:00,5,0,0,0,0,0,0,0,0,0,0,0,0,0,
NA,gp053,7/2/2022,13:10,5,0,0,0,0,0,0,0,0,0,0,0,0,0,
NA,gp053,7/2/2022,13:20,5,0,0,0,0,0,0,0,0,0,0,0,0,0,
NA,gp053,7/2/2022,13:30,5,0,0,0,0,0,0,0,0,0,0,0,0,0,
NA,gp053,7/2/2022,13:40,5,0,0,0,0,0,0,0,0,0,0,0,0,0,
NA,gp053,7/2/2022,13:50,5,0,0,0,0,0,0,0,0,0,0,0,0,0,
GOPR0516,gp053,7/2/2022,14:00,5,0,0,0,0,0,0,0,0,0,0,0,0,0,
GOPR0517,gp053,7/2/2022,14:10,5,0,0,0,0,0,0,0,0,0,0,0,0,0,
GOPR0518,gp053,7/2/2022,14:20,5,0,0,0,0,0,0,0,0,0,0,0,0,0,
GOPR0519,gp053,7/2/2022,14:30,5,0,0,0,0,0,0,0,0,0,0,0,0,0,
GOPR0520,gp053,7/2/2022,14:40,5,0,0,0,0,0,0,0,0,0,0,0,0,0,
GOPR0521,gp053,7/2/2022,14:50,5,0,0,0,0,0,0,0,0,0,0,0,0,0,
GOPR0522,gp053,7/2/2022,15:00,5,0,0,0,0,0,0,0,0,0,0,0,0,0,
GOPR0523,gp053,7/2/2022,15:10,5,0,0,0,0,0,0,0,0,0,0,0,0,0,
GOPR0524,gp053,7/2/2022,15:20,5,0,0,0,0,0,0,0,0,0,0,0,0,0,
GOPR0525,gp053,7/2/2022,15:30,5,0,0,0,0,0,0,0,0,0,0,0,0,0,
GOPR0526,gp053,7/2/2022,15:40,5,0,0,0,0,0,0,0,0,0,0,0,0,0,
GOPR0527,gp053,7/2/2022,15:50,5,1,7,0,0,0,0,2,0,0,0,0,0,9,first submerged
GOPR0528,gp053,7/2/2022,16:00,5,1,12,0,0,0,0,4,6,0,0,0,0,16,
GOPR0529,gp053,7/2/2022,16:10,5,1,1,0,0,0,0,6,5,0,0,0,0,7,
GOPR0530,gp053,7/2/2022,16:20,5,1,1,0,0,0,0,6,2,0,0,0,0,7,
GOPR0531,gp053,7/2/2022,16:30,5,1,1,0,0,0,0,6,9,0,0,0,0,7,
GOPR0532,gp053,7/2/2022,16:40,5,1,1,0,0,0,0,7,3,0,0,0,0,8,
GOPR0533,gp053,7/2/2022,16:50,5,1,2,0,0,0,0,1,8,0,0,0,0,3,
GOPR0534,gp053,7/2/2022,17:00,5,1,1,0,0,0,0,2,4,1,0,0,0,3,
GOPR0535,gp053,7/2/2022,17:10,5,1,3,0,0,0,0,2,0,0,0,0,0,5,
GOPR0536,gp053,7/2/2022,17:20,5,1,0,0,0,0,0,2,45,0,0,0,0,2,
GOPR0537,gp053,7/2/2022,17:30,5,1,2,1,0,0,0,6,10,0,0,0,0,9,
GOPR0538,gp053,7/2/2022,17:40,5,1,0,0,0,0,0,7,0,0,0,0,0,7,
GOPR0539,gp053,7/2/2022,17:50,5,1,1,0,0,0,0,7,5,0,0,0,0,8,
GOPR0540,gp053,7/2/2022,18:00,5,1,0,0,0,0,0,6,0,1,0,0,0,6,
